<?xml version="1.0"?>
<?mso-application progid="Excel.Sheet"?>
<Workbook xmlns="urn:schemas-microsoft-com:office:spreadsheet"
 xmlns:o="urn:schemas-microsoft-com:office:office"
 xmlns:x="urn:schemas-microsoft-com:office:excel"
 xmlns:dt="uuid:C2F41010-65B3-11d1-A29F-00AA00C14882"
 xmlns:ss="urn:schemas-microsoft-com:office:spreadsheet"
 xmlns:html="http://www.w3.org/TR/REC-html40">
 <DocumentProperties xmlns="urn:schemas-microsoft-com:office:office">
  <Author>Grahame</Author>
  <LastAuthor>Bryn</LastAuthor>
  <Created>2013-07-04T21:40:46Z</Created>
  <LastSaved>2015-11-17T21:49:24Z</LastSaved>
  <Version>16.00</Version>
 </DocumentProperties>
 <CustomDocumentProperties xmlns="urn:schemas-microsoft-com:office:office">
  <WorkbookGuid dt:dt="string">747a3dc3-14ba-4528-94a7-b06f9d606003</WorkbookGuid>
 </CustomDocumentProperties>
 <OfficeDocumentSettings xmlns="urn:schemas-microsoft-com:office:office">
  <AllowPNG/>
 </OfficeDocumentSettings>
 <ExcelWorkbook xmlns="urn:schemas-microsoft-com:office:excel">
  <WindowHeight>13800</WindowHeight>
  <WindowWidth>28800</WindowWidth>
  <WindowTopX>0</WindowTopX>
  <WindowTopY>0</WindowTopY>
  <ActiveSheet>1</ActiveSheet>
  <RefModeR1C1/>
  <ProtectStructure>False</ProtectStructure>
  <ProtectWindows>False</ProtectWindows>
 </ExcelWorkbook>
 <Styles>
  <Style ss:ID="Default" ss:Name="Normal">
   <Alignment ss:Vertical="Bottom"/>
   <Borders/>
   <Font ss:FontName="Calibri" x:Family="Swiss" ss:Size="11" ss:Color="#000000"/>
   <Interior/>
   <NumberFormat/>
   <Protection/>
  </Style>
  <Style ss:ID="s62">
   <Alignment ss:Horizontal="Left" ss:Vertical="Top"/>
  </Style>
  <Style ss:ID="s63">
   <Alignment ss:Horizontal="Left" ss:Vertical="Top"/>
   <Borders>
    <Border ss:Position="Bottom" ss:LineStyle="Continuous" ss:Weight="1"/>
   </Borders>
   <Font ss:FontName="Calibri" x:Family="Swiss" ss:Size="11" ss:Color="#000000"
    ss:Bold="1"/>
   <Interior ss:Color="#FFFFFF" ss:Pattern="Solid"/>
  </Style>
  <Style ss:ID="s64">
   <Alignment ss:Horizontal="Left" ss:Vertical="Top" ss:WrapText="1"/>
  </Style>
  <Style ss:ID="s65">
   <Borders>
    <Border ss:Position="Bottom" ss:LineStyle="Continuous" ss:Weight="1"/>
   </Borders>
   <Font ss:FontName="Calibri" x:Family="Swiss" ss:Size="11" ss:Color="#000000"
    ss:Bold="1"/>
   <Interior ss:Color="#FFFFFF" ss:Pattern="Solid"/>
  </Style>
  <Style ss:ID="s66">
   <Font ss:FontName="Verdana" x:Family="Swiss" ss:Size="9" ss:Color="#333333"/>
  </Style>
 </Styles>
 <Worksheet ss:Name="compartments">
  <Table ss:ExpandedColumnCount="5" ss:ExpandedRowCount="6" x:FullColumns="1"
   x:FullRows="1" ss:StyleID="s62" ss:DefaultColumnWidth="65.25"
   ss:DefaultRowHeight="15">
   <Column ss:StyleID="s62" ss:AutoFitWidth="0" ss:Width="108.75" ss:Span="1"/>
   <Column ss:Index="3" ss:StyleID="s62" ss:AutoFitWidth="0" ss:Width="129.75"/>
   <Column ss:StyleID="s62" ss:AutoFitWidth="0" ss:Width="207.75"/>
   <Column ss:StyleID="s62" ss:AutoFitWidth="0" ss:Width="254.25"/>
   <Row ss:AutoFitHeight="0" ss:StyleID="s63">
    <Cell><Data ss:Type="String">Name</Data></Cell>
    <Cell><Data ss:Type="String">Title</Data></Cell>
    <Cell><Data ss:Type="String">Description</Data></Cell>
    <Cell><Data ss:Type="String">Identification</Data></Cell>
    <Cell><Data ss:Type="String">Inclusion</Data></Cell>
   </Row>
   <Row ss:AutoFitHeight="0" ss:Height="75">
    <Cell><Data ss:Type="String">patient</Data></Cell>
    <Cell><Data ss:Type="String">Patient</Data></Cell>
    <Cell ss:StyleID="s64"><Data ss:Type="String">The set of resources associated with a particular patient</Data></Cell>
    <Cell><Data ss:Type="String">There is an instance of the patient compartment for each patient resource, and the identity of the compartment is the same as the patient. When a patient is linked to another patient, all the records associated with the linked patient are in the compartment associated with the target of the link. </Data></Cell>
    <Cell ss:StyleID="s64"><Data ss:Type="String">The patient compartment includes any resources where the subject of  the resource is the patient, and some other resources that are directly linked  to resources in the patient compartment</Data></Cell>
   </Row>
   <Row ss:AutoFitHeight="0">
    <Cell><Data ss:Type="String">encounter</Data></Cell>
    <Cell><Data ss:Type="String">Encounter</Data></Cell>
    <Cell><Data ss:Type="String">The set of resources associated with a particular encounter</Data></Cell>
    <Cell><Data ss:Type="String">There is an instance of the encounter compartment for each encounter resource, and the identity of the compartment is the same as the encounter</Data></Cell>
    <Cell ss:StyleID="s64"><Data ss:Type="String">The encounter compartment includes any resources where the resource has an explicitly nominated encounter, and some other resources that them selves link  to resources in the encounter compartment. Note that for many resources, the exact nature of the link to encounter can be ambiguous (e.g. for a DiagnosticReport, is it the encounter when it was initiated, or when it was reported?)</Data></Cell>
   </Row>
   <Row ss:AutoFitHeight="0">
    <Cell><Data ss:Type="String">relatedPerson</Data></Cell>
    <Cell><Data ss:Type="String">RelatedPerson</Data></Cell>
    <Cell><Data ss:Type="String">The set of resources associated with a particular 'related person'</Data></Cell>
    <Cell><Data ss:Type="String">There is an instance of the relatedPerson compartment for each relatedPerson resource, and the identity of the compartment is the same as the relatedPerson</Data></Cell>
    <Cell ss:StyleID="s64"><Data ss:Type="String">The relatedPerson compartment includes any resources where the resource is explicitly linked to relatedPerson (usually as author)</Data></Cell>
   </Row>
   <Row ss:AutoFitHeight="0">
    <Cell><Data ss:Type="String">practitioner</Data></Cell>
    <Cell><Data ss:Type="String">Practitioner</Data></Cell>
    <Cell><Data ss:Type="String">The set of resources associated with a particular practitioner</Data></Cell>
    <Cell><Data ss:Type="String">There is an instance of the practitioner compartment for each Practitioner resource, and the identity of the compartment is the same as the Practitioner</Data></Cell>
    <Cell ss:StyleID="s64"><Data ss:Type="String">The practitioner compartment includes any resources where the resource is explicitly linked to a Practitioner (usually as author, but other kinds of linkage exist)</Data></Cell>
   </Row>
   <Row ss:AutoFitHeight="0">
    <Cell><Data ss:Type="String">device</Data></Cell>
    <Cell><Data ss:Type="String">Device</Data></Cell>
    <Cell><Data ss:Type="String">The set of resources associated with a particular device</Data></Cell>
    <Cell><Data ss:Type="String">There is an instance of the practitioner compartment for each Device resource, and the identity of the compartment is the same as the Device</Data></Cell>
    <Cell ss:StyleID="s64"><Data ss:Type="String">The device compartment includes any resources where the resource is explicitly linked to a Device (mostly subject or performer)</Data></Cell>
   </Row>
  </Table>
  <WorksheetOptions xmlns="urn:schemas-microsoft-com:office:excel">
   <PageSetup>
    <Header x:Margin="0.3"/>
    <Footer x:Margin="0.3"/>
    <PageMargins x:Bottom="0.75" x:Left="0.7" x:Right="0.7" x:Top="0.75"/>
   </PageSetup>
   <Unsynced/>
   <Panes>
    <Pane>
     <Number>3</Number>
     <ActiveRow>4</ActiveRow>
    </Pane>
   </Panes>
   <ProtectObjects>False</ProtectObjects>
   <ProtectScenarios>False</ProtectScenarios>
   <x:PageLayoutZoom>0</x:PageLayoutZoom>
  </WorksheetOptions>
 </Worksheet>
 <Worksheet ss:Name="resources">
  <Table ss:ExpandedColumnCount="6" ss:ExpandedRowCount="107" x:FullColumns="1"
   x:FullRows="1" ss:DefaultColumnWidth="65.25" ss:DefaultRowHeight="15">
   <Column ss:AutoFitWidth="0" ss:Width="156.75"/>
   <Column ss:AutoFitWidth="0" ss:Width="198"/>
   <Column ss:Width="53.25"/>
   <Column ss:Width="147.75"/>
   <Column ss:Width="198"/>
   <Row ss:AutoFitHeight="0" ss:StyleID="s65">
    <Cell><Data ss:Type="String">Resource</Data></Cell>
    <Cell><Data ss:Type="String">Patient</Data></Cell>
    <Cell><Data ss:Type="String">Encounter</Data></Cell>
    <Cell><Data ss:Type="String">RelatedPerson</Data></Cell>
    <Cell><Data ss:Type="String">Practitioner</Data></Cell>
    <Cell><Data ss:Type="String">Device</Data></Cell>
   </Row>
   <Row ss:AutoFitHeight="0">
    <Cell><Data ss:Type="String">AllergyIntolerance</Data></Cell>
    <Cell><Data ss:Type="String">patient | recorder | reporter</Data></Cell>
    <Cell ss:Index="4"><Data ss:Type="String">reporter</Data></Cell>
    <Cell><Data ss:Type="String">recorder | reporter</Data></Cell>
   </Row>
   <Row ss:AutoFitHeight="0">
    <Cell><Data ss:Type="String">Account</Data></Cell>
    <Cell><Data ss:Type="String">subject</Data></Cell>
    <Cell ss:Index="5"><Data ss:Type="String">subject</Data></Cell>
    <Cell><Data ss:Type="String">subject</Data></Cell>
   </Row>
   <Row ss:AutoFitHeight="0">
    <Cell><Data ss:Type="String">Appointment</Data></Cell>
    <Cell><Data ss:Type="String">actor</Data></Cell>
    <Cell ss:Index="4"><Data ss:Type="String">actor</Data></Cell>
    <Cell><Data ss:Type="String">actor</Data></Cell>
    <Cell><Data ss:Type="String">actor</Data></Cell>
   </Row>
   <Row ss:AutoFitHeight="0">
    <Cell><Data ss:Type="String">AppointmentResponse</Data></Cell>
    <Cell><Data ss:Type="String">actor</Data></Cell>
    <Cell ss:Index="4"><Data ss:Type="String">actor</Data></Cell>
    <Cell><Data ss:Type="String">actor</Data></Cell>
    <Cell><Data ss:Type="String">actor</Data></Cell>
   </Row>
   <Row ss:AutoFitHeight="0">
    <Cell><Data ss:Type="String">AuditEvent</Data></Cell>
    <Cell><Data ss:Type="String">patient | participant.patient | reference.patient</Data></Cell>
    <Cell ss:Index="5"><Data ss:Type="String">participant</Data></Cell>
    <Cell><Data ss:Type="String">participant</Data></Cell>
   </Row>
   <Row ss:AutoFitHeight="0">
    <Cell><Data ss:Type="String">Basic</Data></Cell>
    <Cell><Data ss:Type="String">patient | author</Data></Cell>
    <Cell ss:Index="4"><Data ss:Type="String">author</Data></Cell>
    <Cell><Data ss:Type="String">author</Data></Cell>
   </Row>
   <Row ss:AutoFitHeight="0">
    <Cell><Data ss:Type="String">Binary</Data></Cell>
   </Row>
   <Row ss:AutoFitHeight="0">
    <Cell><Data ss:Type="String">BodySite</Data></Cell>
    <Cell><Data ss:Type="String">patient</Data></Cell>
   </Row>
   <Row ss:AutoFitHeight="0">
    <Cell><Data ss:Type="String">Bundle</Data></Cell>
   </Row>
   <Row ss:AutoFitHeight="0">
    <Cell><Data ss:Type="String">CarePlan</Data></Cell>
    <Cell ss:StyleID="s66"><Data ss:Type="String">patient | participant | performer</Data></Cell>
    <Cell ss:Index="4"><Data ss:Type="String">participant | performer</Data></Cell>
    <Cell><Data ss:Type="String">participant | performer</Data></Cell>
   </Row>
   <Row ss:AutoFitHeight="0">
    <Cell><Data ss:Type="String">Claim</Data></Cell>
    <Cell><Data ss:Type="String">patient</Data></Cell>
    <Cell ss:Index="5"><Data ss:Type="String">provider</Data></Cell>
   </Row>
   <Row ss:AutoFitHeight="0">
    <Cell><Data ss:Type="String">ClaimResponse</Data></Cell>
   </Row>
   <Row ss:AutoFitHeight="0">
    <Cell><Data ss:Type="String">ClinicalImpression</Data></Cell>
    <Cell><Data ss:Type="String">patient</Data></Cell>
    <Cell ss:Index="5"><Data ss:Type="String">assessor</Data></Cell>
   </Row>
   <Row ss:AutoFitHeight="0">
    <Cell><Data ss:Type="String">CodeSystem</Data></Cell>
   </Row>
   <Row ss:AutoFitHeight="0">
    <Cell><Data ss:Type="String">Communication</Data></Cell>
    <Cell><Data ss:Type="String">subject | sender | recipient</Data></Cell>
    <Cell><Data ss:Type="String">encounter</Data></Cell>
    <Cell><Data ss:Type="String">sender | recipient</Data></Cell>
    <Cell><Data ss:Type="String">sender | recipient</Data></Cell>
    <Cell><Data ss:Type="String">sender | recipient</Data></Cell>
   </Row>
   <Row ss:AutoFitHeight="0">
    <Cell><Data ss:Type="String">CommunicationRequest</Data></Cell>
    <Cell><Data ss:Type="String">subject | sender | recipient | requester</Data></Cell>
    <Cell><Data ss:Type="String">encounter</Data></Cell>
    <Cell><Data ss:Type="String">sender | recipient | requester</Data></Cell>
    <Cell><Data ss:Type="String">sender | recipient | requester</Data></Cell>
    <Cell><Data ss:Type="String">sender | recipient</Data></Cell>
   </Row>
   <Row ss:AutoFitHeight="0">
    <Cell><Data ss:Type="String">Composition</Data></Cell>
    <Cell><Data ss:Type="String">subject | author | attester</Data></Cell>
    <Cell><Data ss:Type="String">encounter</Data></Cell>
    <Cell><Data ss:Type="String">author</Data></Cell>
    <Cell><Data ss:Type="String">subject | author | attester</Data></Cell>
    <Cell><Data ss:Type="String">author</Data></Cell>
   </Row>
   <Row ss:AutoFitHeight="0">
    <Cell><Data ss:Type="String">ConceptMap</Data></Cell>
   </Row>
   <Row ss:AutoFitHeight="0">
    <Cell><Data ss:Type="String">Condition</Data></Cell>
    <Cell><Data ss:Type="String">patient</Data></Cell>
    <Cell ss:StyleID="s66"><Data ss:Type="String">encounter</Data></Cell>
    <Cell ss:Index="5"><Data ss:Type="String">asserter</Data></Cell>
   </Row>
   <Row ss:AutoFitHeight="0">
    <Cell><Data ss:Type="String">Conformance</Data></Cell>
   </Row>
   <Row ss:AutoFitHeight="0">
    <Cell><Data ss:Type="String">DetectedIssue</Data></Cell>
    <Cell><Data ss:Type="String">patient</Data></Cell>
    <Cell ss:Index="5"><Data ss:Type="String">author</Data></Cell>
    <Cell><Data ss:Type="String">author</Data></Cell>
   </Row>
   <Row ss:AutoFitHeight="0">
    <Cell><Data ss:Type="String">Contract</Data></Cell>
   </Row>
   <Row ss:AutoFitHeight="0">
    <Cell><Data ss:Type="String">Coverage</Data></Cell>
   </Row>
   <Row ss:AutoFitHeight="0">
    <Cell><Data ss:Type="String">DataElement</Data></Cell>
   </Row>
   <Row ss:AutoFitHeight="0">
    <Cell><Data ss:Type="String">Device</Data></Cell>
    <Cell ss:Index="6"><Data ss:Type="String">{def}</Data></Cell>
   </Row>
   <Row ss:AutoFitHeight="0">
    <Cell><Data ss:Type="String">DeviceComponent</Data></Cell>
    <Cell ss:Index="6"><Data ss:Type="String">source</Data></Cell>
   </Row>
   <Row ss:AutoFitHeight="0">
    <Cell><Data ss:Type="String">DeviceMetric</Data></Cell>
    <Cell ss:Index="6"><Data ss:Type="String">source</Data></Cell>
   </Row>
   <Row ss:AutoFitHeight="0">
    <Cell><Data ss:Type="String">DeviceUseRequest</Data></Cell>
    <Cell><Data ss:Type="String">subject</Data></Cell>
    <Cell ss:Index="6"><Data ss:Type="String">device</Data></Cell>
   </Row>
   <Row ss:AutoFitHeight="0">
    <Cell><Data ss:Type="String">DeviceUseStatement</Data></Cell>
    <Cell><Data ss:Type="String">subject</Data></Cell>
    <Cell ss:Index="6"><Data ss:Type="String">device</Data></Cell>
   </Row>
   <Row ss:AutoFitHeight="0">
    <Cell><Data ss:Type="String">DiagnosticOrder</Data></Cell>
    <Cell><Data ss:Type="String">subject</Data></Cell>
    <Cell ss:StyleID="s66"><Data ss:Type="String">encounter</Data></Cell>
    <Cell ss:Index="5"><Data ss:Type="String">actor | orderer</Data></Cell>
    <Cell><Data ss:Type="String">actor | subject</Data></Cell>
   </Row>
   <Row ss:AutoFitHeight="0">
    <Cell><Data ss:Type="String">DiagnosticReport</Data></Cell>
    <Cell><Data ss:Type="String">subject</Data></Cell>
    <Cell ss:StyleID="s66"><Data ss:Type="String">encounter</Data></Cell>
    <Cell ss:Index="5"><Data ss:Type="String">performer</Data></Cell>
    <Cell><Data ss:Type="String">subject</Data></Cell>
   </Row>
   <Row ss:AutoFitHeight="0">
    <Cell><Data ss:Type="String">DocumentManifest</Data></Cell>
    <Cell><Data ss:Type="String">subject | author | recipient</Data></Cell>
    <Cell ss:Index="4"><Data ss:Type="String">author</Data></Cell>
    <Cell><Data ss:Type="String">subject | author | recipient</Data></Cell>
    <Cell><Data ss:Type="String">subject | author</Data></Cell>
   </Row>
   <Row ss:AutoFitHeight="0">
    <Cell><Data ss:Type="String">DocumentReference</Data></Cell>
    <Cell><Data ss:Type="String">subject | author</Data></Cell>
    <Cell ss:Index="4"><Data ss:Type="String">author</Data></Cell>
    <Cell><Data ss:Type="String">subject | author | authenticator</Data></Cell>
    <Cell><Data ss:Type="String">subject | author</Data></Cell>
   </Row>
   <Row ss:AutoFitHeight="0">
    <Cell><Data ss:Type="String">EligibilityRequest</Data></Cell>
   </Row>
   <Row ss:AutoFitHeight="0">
    <Cell><Data ss:Type="String">EligibilityResponse</Data></Cell>
   </Row>
   <Row ss:AutoFitHeight="0">
    <Cell><Data ss:Type="String">Encounter</Data></Cell>
    <Cell><Data ss:Type="String">patient</Data></Cell>
    <Cell><Data ss:Type="String">{def}</Data></Cell>
    <Cell><Data ss:Type="String">participant</Data></Cell>
    <Cell><Data ss:Type="String">practitioner | participant</Data></Cell>
   </Row>
   <Row ss:AutoFitHeight="0">
    <Cell><Data ss:Type="String">EnrollmentRequest</Data></Cell>
    <Cell><Data ss:Type="String">subject</Data></Cell>
   </Row>
   <Row ss:AutoFitHeight="0">
    <Cell><Data ss:Type="String">EnrollmentResponse</Data></Cell>
   </Row>
   <Row ss:AutoFitHeight="0">
    <Cell><Data ss:Type="String">EpisodeOfCare</Data></Cell>
    <Cell><Data ss:Type="String">patient</Data></Cell>
    <Cell ss:Index="5" ss:StyleID="s66"><Data ss:Type="String">care-manager | team-member</Data></Cell>
   </Row>
   <Row ss:AutoFitHeight="0">
    <Cell><Data ss:Type="String">ExpansionProfile</Data></Cell>
    <Cell ss:Index="5" ss:StyleID="s66"/>
   </Row>
   <Row ss:AutoFitHeight="0">
    <Cell><Data ss:Type="String">ExplanationOfBenefit</Data></Cell>
   </Row>
   <Row ss:AutoFitHeight="0">
    <Cell><Data ss:Type="String">FamilyMemberHistory</Data></Cell>
    <Cell><Data ss:Type="String">patient</Data></Cell>
   </Row>
   <Row ss:AutoFitHeight="0">
    <Cell><Data ss:Type="String">Flag</Data></Cell>
    <Cell><Data ss:Type="String">patient</Data></Cell>
    <Cell ss:Index="5"><Data ss:Type="String">author</Data></Cell>
    <Cell><Data ss:Type="String">author</Data></Cell>
   </Row>
   <Row ss:AutoFitHeight="0">
    <Cell><Data ss:Type="String">Goal</Data></Cell>
    <Cell><Data ss:Type="String">patient</Data></Cell>
   </Row>
   <Row ss:AutoFitHeight="0">
    <Cell><Data ss:Type="String">Group</Data></Cell>
    <Cell><Data ss:Type="String">member</Data></Cell>
    <Cell ss:Index="5"><Data ss:Type="String">member</Data></Cell>
    <Cell><Data ss:Type="String">member</Data></Cell>
   </Row>
   <Row ss:AutoFitHeight="0">
    <Cell><Data ss:Type="String">HealthcareService</Data></Cell>
   </Row>
   <Row ss:AutoFitHeight="0">
    <Cell><Data ss:Type="String">ImagingObjectSelection</Data></Cell>
    <Cell><Data ss:Type="String">patient | author</Data></Cell>
    <Cell ss:Index="4"><Data ss:Type="String">author</Data></Cell>
    <Cell><Data ss:Type="String">author</Data></Cell>
    <Cell><Data ss:Type="String">author</Data></Cell>
   </Row>
   <Row ss:AutoFitHeight="0">
    <Cell><Data ss:Type="String">ImagingStudy</Data></Cell>
    <Cell><Data ss:Type="String">patient</Data></Cell>
   </Row>
   <Row ss:AutoFitHeight="0">
    <Cell><Data ss:Type="String">Immunization</Data></Cell>
    <Cell><Data ss:Type="String">patient</Data></Cell>
    <Cell ss:Index="5"><Data ss:Type="String">performer | requester</Data></Cell>
   </Row>
   <Row ss:AutoFitHeight="0">
    <Cell><Data ss:Type="String">ImmunizationRecommendation</Data></Cell>
    <Cell><Data ss:Type="String">patient</Data></Cell>
   </Row>
   <Row ss:AutoFitHeight="0">
    <Cell><Data ss:Type="String">ImplementationGuide</Data></Cell>
   </Row>
   <Row ss:AutoFitHeight="0">
    <Cell><Data ss:Type="String">Linkage</Data></Cell>
    <Cell ss:Index="5"><Data ss:Type="String">author</Data></Cell>
   </Row>
   <Row ss:AutoFitHeight="0">
    <Cell><Data ss:Type="String">List</Data></Cell>
    <Cell><Data ss:Type="String">subject | source</Data></Cell>
    <Cell ss:Index="5"><Data ss:Type="String">source</Data></Cell>
    <Cell><Data ss:Type="String">subject | source</Data></Cell>
   </Row>
   <Row ss:AutoFitHeight="0">
    <Cell><Data ss:Type="String">Location</Data></Cell>
   </Row>
   <Row ss:AutoFitHeight="0">
    <Cell><Data ss:Type="String">Media</Data></Cell>
    <Cell><Data ss:Type="String">subject</Data></Cell>
    <Cell ss:Index="5"><Data ss:Type="String">subject | operator</Data></Cell>
    <Cell><Data ss:Type="String">subject</Data></Cell>
   </Row>
   <Row ss:AutoFitHeight="0">
    <Cell><Data ss:Type="String">Medication</Data></Cell>
   </Row>
   <Row ss:AutoFitHeight="0">
    <Cell><Data ss:Type="String">MedicationAdministration</Data></Cell>
    <Cell><Data ss:Type="String">patient</Data></Cell>
    <Cell><Data ss:Type="String">encounter</Data></Cell>
    <Cell ss:Index="5"><Data ss:Type="String">practitioner</Data></Cell>
    <Cell><Data ss:Type="String">device</Data></Cell>
   </Row>
   <Row ss:AutoFitHeight="0">
    <Cell><Data ss:Type="String">MedicationDispense</Data></Cell>
    <Cell><Data ss:Type="String">patient</Data></Cell>
    <Cell ss:Index="5"><Data ss:Type="String">dispenser | receiver | responsibleparty</Data></Cell>
   </Row>
   <Row ss:AutoFitHeight="0">
    <Cell><Data ss:Type="String">MedicationOrder</Data></Cell>
    <Cell><Data ss:Type="String">patient</Data></Cell>
    <Cell><Data ss:Type="String">encounter</Data></Cell>
    <Cell ss:Index="5"><Data ss:Type="String">prescriber</Data></Cell>
   </Row>
   <Row ss:AutoFitHeight="0">
    <Cell><Data ss:Type="String">MedicationStatement</Data></Cell>
    <Cell><Data ss:Type="String">patient | source</Data></Cell>
    <Cell ss:Index="4"><Data ss:Type="String">source</Data></Cell>
    <Cell><Data ss:Type="String">source</Data></Cell>
   </Row>
   <Row ss:AutoFitHeight="0">
    <Cell><Data ss:Type="String">MessageHeader</Data></Cell>
    <Cell ss:Index="5"><Data ss:Type="String">receiver | author | responsible | enterer</Data></Cell>
    <Cell><Data ss:Type="String">target</Data></Cell>
   </Row>
   <Row ss:AutoFitHeight="0">
    <Cell><Data ss:Type="String">NamingSystem</Data></Cell>
   </Row>
   <Row ss:AutoFitHeight="0">
    <Cell><Data ss:Type="String">NutritionOrder</Data></Cell>
    <Cell><Data ss:Type="String">patient</Data></Cell>
    <Cell><Data ss:Type="String">encounter</Data></Cell>
    <Cell ss:Index="5"><Data ss:Type="String">provider</Data></Cell>
   </Row>
   <Row ss:AutoFitHeight="0">
    <Cell><Data ss:Type="String">Observation</Data></Cell>
    <Cell><Data ss:Type="String">subject | performer</Data></Cell>
    <Cell><Data ss:Type="String">encounter</Data></Cell>
    <Cell><Data ss:Type="String">performer</Data></Cell>
    <Cell><Data ss:Type="String">performer</Data></Cell>
    <Cell><Data ss:Type="String">subject | device</Data></Cell>
   </Row>
   <Row ss:AutoFitHeight="0">
    <Cell><Data ss:Type="String">OperationDefinition</Data></Cell>
   </Row>
   <Row ss:AutoFitHeight="0">
    <Cell><Data ss:Type="String">OperationOutcome</Data></Cell>
   </Row>
   <Row ss:AutoFitHeight="0">
    <Cell><Data ss:Type="String">Order</Data></Cell>
    <Cell><Data ss:Type="String">subject</Data></Cell>
    <Cell ss:Index="5"><Data ss:Type="String">source | target</Data></Cell>
    <Cell><Data ss:Type="String">target</Data></Cell>
   </Row>
   <Row ss:AutoFitHeight="0">
    <Cell><Data ss:Type="String">OrderResponse</Data></Cell>
    <Cell><Data ss:Type="String">request.patient</Data></Cell>
    <Cell ss:Index="5"><Data ss:Type="String">who</Data></Cell>
    <Cell><Data ss:Type="String">who</Data></Cell>
   </Row>
   <Row ss:AutoFitHeight="0">
    <Cell><Data ss:Type="String">Organization</Data></Cell>
   </Row>
   <Row ss:AutoFitHeight="0">
    <Cell><Data ss:Type="String">Patient</Data></Cell>
    <Cell><Data ss:Type="String">link</Data></Cell>
    <Cell ss:Index="5" ss:StyleID="s66"><Data ss:Type="String">careprovider</Data></Cell>
   </Row>
   <Row ss:AutoFitHeight="0">
    <Cell><Data ss:Type="String">PaymentNotice</Data></Cell>
   </Row>
   <Row ss:AutoFitHeight="0">
    <Cell><Data ss:Type="String">PaymentReconciliation</Data></Cell>
   </Row>
   <Row ss:AutoFitHeight="0">
    <Cell><Data ss:Type="String">Person</Data></Cell>
    <Cell><Data ss:Type="String">patient</Data></Cell>
    <Cell ss:Index="4"><Data ss:Type="String">link</Data></Cell>
    <Cell><Data ss:Type="String">practitioner</Data></Cell>
   </Row>
   <Row ss:AutoFitHeight="0">
    <Cell><Data ss:Type="String">Practitioner</Data></Cell>
    <Cell ss:Index="5"><Data ss:Type="String">{def}</Data></Cell>
   </Row>
   <Row ss:AutoFitHeight="0">
    <Cell><Data ss:Type="String">Procedure</Data></Cell>
    <Cell><Data ss:Type="String">patient | performer</Data></Cell>
    <Cell><Data ss:Type="String">encounter</Data></Cell>
    <Cell><Data ss:Type="String">performer</Data></Cell>
    <Cell><Data ss:Type="String">performer</Data></Cell>
   </Row>
   <Row ss:AutoFitHeight="0">
    <Cell><Data ss:Type="String">ProcedureRequest</Data></Cell>
    <Cell><Data ss:Type="String">subject | orderer | performer</Data></Cell>
    <Cell><Data ss:Type="String">encounter</Data></Cell>
    <Cell><Data ss:Type="String">performer | orderer</Data></Cell>
    <Cell><Data ss:Type="String">performer | orderer</Data></Cell>
    <Cell><Data ss:Type="String">orderer</Data></Cell>
   </Row>
   <Row ss:AutoFitHeight="0">
    <Cell><Data ss:Type="String">ProcessRequest</Data></Cell>
    <Cell ss:Index="5"><Data ss:Type="String">provider</Data></Cell>
   </Row>
   <Row ss:AutoFitHeight="0">
    <Cell><Data ss:Type="String">ProcessResponse</Data></Cell>
    <Cell ss:Index="5"><Data ss:Type="String">requestprovider</Data></Cell>
   </Row>
   <Row ss:AutoFitHeight="0">
    <Cell><Data ss:Type="String">Protocol</Data></Cell>
    <Cell ss:Index="6"><Data ss:Type="String">subject </Data></Cell>
   </Row>
   <Row ss:AutoFitHeight="0">
    <Cell><Data ss:Type="String">Provenance</Data></Cell>
    <Cell><Data ss:Type="String">target.subject | target.patient | patient</Data></Cell>
    <Cell ss:Index="4"><Data ss:Type="String">agent</Data></Cell>
    <Cell><Data ss:Type="String">agent</Data></Cell>
    <Cell><Data ss:Type="String">agent</Data></Cell>
   </Row>
   <Row ss:AutoFitHeight="0">
    <Cell><Data ss:Type="String">Questionnaire</Data></Cell>
   </Row>
   <Row ss:AutoFitHeight="0">
    <Cell><Data ss:Type="String">QuestionnaireResponse</Data></Cell>
    <Cell><Data ss:Type="String">subject | author</Data></Cell>
    <Cell ss:StyleID="s66"><Data ss:Type="String">encounter</Data></Cell>
    <Cell><Data ss:Type="String">author | source</Data></Cell>
    <Cell><Data ss:Type="String">author | source</Data></Cell>
    <Cell><Data ss:Type="String">author</Data></Cell>
   </Row>
   <Row ss:AutoFitHeight="0">
    <Cell><Data ss:Type="String">ReferralRequest</Data></Cell>
    <Cell><Data ss:Type="String">patient | requester</Data></Cell>
    <Cell ss:Index="5"><Data ss:Type="String">requester | recipient</Data></Cell>
   </Row>
   <Row ss:AutoFitHeight="0">
    <Cell><Data ss:Type="String">RelatedPerson</Data></Cell>
    <Cell><Data ss:Type="String">patient</Data></Cell>
    <Cell ss:Index="4"><Data ss:Type="String">{def}</Data></Cell>
   </Row>
   <Row ss:AutoFitHeight="0">
    <Cell><Data ss:Type="String">RiskAssessment</Data></Cell>
    <Cell><Data ss:Type="String">subject</Data></Cell>
    <Cell ss:Index="5"><Data ss:Type="String">performer</Data></Cell>
    <Cell><Data ss:Type="String">performer</Data></Cell>
   </Row>
   <Row ss:AutoFitHeight="0">
    <Cell><Data ss:Type="String">Schedule</Data></Cell>
    <Cell><Data ss:Type="String">actor</Data></Cell>
    <Cell ss:Index="4"><Data ss:Type="String">actor</Data></Cell>
    <Cell><Data ss:Type="String">actor</Data></Cell>
    <Cell><Data ss:Type="String">actor</Data></Cell>
   </Row>
   <Row ss:AutoFitHeight="0">
    <Cell><Data ss:Type="String">SearchParameter</Data></Cell>
   </Row>
   <Row ss:AutoFitHeight="0">
    <Cell><Data ss:Type="String">Slot</Data></Cell>
   </Row>
   <Row ss:AutoFitHeight="0">
    <Cell><Data ss:Type="String">Specimen</Data></Cell>
    <Cell><Data ss:Type="String">subject</Data></Cell>
    <Cell ss:Index="5"><Data ss:Type="String">collector</Data></Cell>
    <Cell><Data ss:Type="String">subject</Data></Cell>
   </Row>
   <Row ss:AutoFitHeight="0">
    <Cell><Data ss:Type="String">StructureDefinition</Data></Cell>
   </Row>
   <Row ss:AutoFitHeight="0">
    <Cell><Data ss:Type="String">Subscription</Data></Cell>
   </Row>
   <Row ss:AutoFitHeight="0">
    <Cell><Data ss:Type="String">Substance</Data></Cell>
   </Row>
   <Row ss:AutoFitHeight="0">
    <Cell><Data ss:Type="String">SupplyRequest</Data></Cell>
    <Cell><Data ss:Type="String">patient</Data></Cell>
   </Row>
   <Row ss:AutoFitHeight="0">
    <Cell><Data ss:Type="String">SupplyDelivery</Data></Cell>
    <Cell><Data ss:Type="String">patient</Data></Cell>
    <Cell ss:Index="5"><Data ss:Type="String">supplier | receiver</Data></Cell>
   </Row>
   <Row ss:AutoFitHeight="0">
    <Cell><Data ss:Type="String">TestScript</Data></Cell>
   </Row>
   <Row ss:AutoFitHeight="0">
    <Cell><Data ss:Type="String">ValueSet</Data></Cell>
   </Row>
   <Row ss:AutoFitHeight="0">
    <Cell><Data ss:Type="String">VisionPrescription</Data></Cell>
    <Cell><Data ss:Type="String">patient</Data></Cell>
    <Cell ss:StyleID="s66"><Data ss:Type="String">encounter</Data></Cell>
    <Cell ss:Index="5"><Data ss:Type="String">prescriber</Data></Cell>
   </Row>
   <Row ss:AutoFitHeight="0">
    <Cell><Data ss:Type="String">GuidanceResponse</Data></Cell>
   </Row>
   <Row ss:AutoFitHeight="0">
    <Cell><Data ss:Type="String">ModuleMetadata</Data></Cell>
   </Row>
   <Row ss:AutoFitHeight="0">
    <Cell><Data ss:Type="String">ModuleDefinition</Data></Cell>
   </Row>
   <Row ss:AutoFitHeight="0">
    <Cell><Data ss:Type="String">Library</Data></Cell>
   </Row>
   <Row ss:AutoFitHeight="0">
    <Cell><Data ss:Type="String">DecisionSupportServiceModule</Data></Cell>
   </Row>
   <Row ss:AutoFitHeight="0">
    <Cell><Data ss:Type="String">DecisionSupportRule</Data></Cell>
   </Row>
   <Row ss:AutoFitHeight="0">
    <Cell><Data ss:Type="String">OrderSet</Data></Cell>
   </Row>
   <Row ss:AutoFitHeight="0">
    <Cell><Data ss:Type="String">Measure</Data></Cell>
   </Row>
   <Row ss:AutoFitHeight="0">
    <Cell><Data ss:Type="String">Sequence</Data></Cell>
   </Row>
  </Table>
  <WorksheetOptions xmlns="urn:schemas-microsoft-com:office:excel">
   <PageSetup>
    <Header x:Margin="0.3"/>
    <Footer x:Margin="0.3"/>
    <PageMargins x:Bottom="0.75" x:Left="0.7" x:Right="0.7" x:Top="0.75"/>
   </PageSetup>
   <Unsynced/>
   <Print>
    <ValidPrinterInfo/>
    <PaperSizeIndex>9</PaperSizeIndex>
    <HorizontalResolution>600</HorizontalResolution>
    <VerticalResolution>600</VerticalResolution>
   </Print>
   <Selected/>
   <FreezePanes/>
   <FrozenNoSplit/>
   <SplitHorizontal>1</SplitHorizontal>
   <TopRowBottomPane>10</TopRowBottomPane>
   <ActivePane>2</ActivePane>
   <Panes>
    <Pane>
     <Number>3</Number>
    </Pane>
    <Pane>
     <Number>2</Number>
     <ActiveRow>15</ActiveRow>
    </Pane>
   </Panes>
   <ProtectObjects>False</ProtectObjects>
   <ProtectScenarios>False</ProtectScenarios>
   <x:PageLayoutZoom>0</x:PageLayoutZoom>
  </WorksheetOptions>
 </Worksheet>
</Workbook>
