<?xml version="1.0"?>
<?mso-application progid="Excel.Sheet"?>
<Workbook xmlns="urn:schemas-microsoft-com:office:spreadsheet"
 xmlns:o="urn:schemas-microsoft-com:office:office"
 xmlns:x="urn:schemas-microsoft-com:office:excel"
 xmlns:ss="urn:schemas-microsoft-com:office:spreadsheet"
 xmlns:html="http://www.w3.org/TR/REC-html40">
 <DocumentProperties xmlns="urn:schemas-microsoft-com:office:office">
  <Author>Grahame</Author>
  <LastAuthor>Grahame</LastAuthor>
  <Created>2012-03-19T08:56:59Z</Created>
  <LastSaved>2013-01-19T19:20:27Z</LastSaved>
  <Version>14.00</Version>
 </DocumentProperties>
 <OfficeDocumentSettings xmlns="urn:schemas-microsoft-com:office:office">
  <AllowPNG/>
 </OfficeDocumentSettings>
 <ExcelWorkbook xmlns="urn:schemas-microsoft-com:office:excel">
  <WindowHeight>11640</WindowHeight>
  <WindowWidth>27495</WindowWidth>
  <WindowTopX>630</WindowTopX>
  <WindowTopY>630</WindowTopY>
  <ProtectStructure>False</ProtectStructure>
  <ProtectWindows>False</ProtectWindows>
 </ExcelWorkbook>
 <Styles>
  <Style ss:ID="Default" ss:Name="Normal">
   <Alignment ss:Vertical="Bottom"/>
   <Borders/>
   <Font ss:FontName="Calibri" x:Family="Swiss" ss:Size="11" ss:Color="#000000"/>
   <Interior/>
   <NumberFormat/>
   <Protection/>
  </Style>
  <Style ss:ID="s62" ss:Name="Normal 2">
   <Alignment ss:Vertical="Bottom"/>
   <Borders/>
   <Font ss:FontName="Calibri" x:Family="Swiss" ss:Size="11" ss:Color="#000000"/>
   <Interior/>
   <NumberFormat/>
   <Protection/>
  </Style>
  <Style ss:ID="s63" ss:Name="Normal 3">
   <Alignment ss:Vertical="Bottom"/>
   <Borders/>
   <Font ss:FontName="Calibri" x:Family="Swiss" ss:Size="11" ss:Color="#000000"/>
   <Interior/>
   <NumberFormat/>
   <Protection/>
  </Style>
  <Style ss:ID="s64">
   <Alignment ss:Vertical="Top" ss:ShrinkToFit="1" ss:WrapText="1"/>
  </Style>
  <Style ss:ID="s65">
   <Alignment ss:Vertical="Top" ss:ShrinkToFit="1" ss:WrapText="1"/>
   <Font ss:FontName="Calibri" x:Family="Swiss" ss:Size="11" ss:Color="#000000"
    ss:Bold="1"/>
  </Style>
  <Style ss:ID="s66">
   <Alignment ss:Vertical="Top" ss:ShrinkToFit="1" ss:WrapText="1"/>
   <Borders>
    <Border ss:Position="Bottom" ss:LineStyle="Continuous" ss:Weight="1"/>
   </Borders>
   <Font ss:FontName="Calibri" x:Family="Swiss" ss:Size="11" ss:Color="#000000"
    ss:Bold="1"/>
   <Interior ss:Color="#F2F2F2" ss:Pattern="Solid"/>
  </Style>
  <Style ss:ID="s67">
   <Alignment ss:Vertical="Top" ss:ShrinkToFit="1" ss:WrapText="1"/>
   <Interior ss:Color="#D9D9D9" ss:Pattern="Solid"/>
  </Style>
  <Style ss:ID="s68">
   <Alignment ss:Horizontal="Left" ss:Vertical="Top" ss:ShrinkToFit="1"
    ss:WrapText="1"/>
  </Style>
  <Style ss:ID="s70" ss:Parent="s63">
   <Alignment ss:Vertical="Top" ss:WrapText="1"/>
   <Interior/>
  </Style>
  <Style ss:ID="s72" ss:Parent="s62">
   <Alignment ss:Vertical="Top" ss:WrapText="1"/>
   <Borders/>
   <Font ss:FontName="Calibri" x:Family="Swiss" ss:Size="11" ss:Color="#000000"/>
   <Interior/>
   <NumberFormat/>
   <Protection/>
  </Style>
  <Style ss:ID="s73">
   <Alignment ss:Vertical="Top"/>
  </Style>
  <Style ss:ID="s74">
   <Alignment ss:Vertical="Top"/>
   <Borders>
    <Border ss:Position="Bottom" ss:LineStyle="Continuous" ss:Weight="1"/>
   </Borders>
   <Font ss:FontName="Calibri" x:Family="Swiss" ss:Size="11" ss:Color="#000000"
    ss:Bold="1"/>
   <Interior ss:Color="#F2F2F2" ss:Pattern="Solid"/>
  </Style>
  <Style ss:ID="s75">
   <Alignment ss:Horizontal="Left" ss:Vertical="Top" ss:ShrinkToFit="1"
    ss:WrapText="1"/>
   <Borders>
    <Border ss:Position="Bottom" ss:LineStyle="Continuous" ss:Weight="1"/>
   </Borders>
   <Font ss:FontName="Calibri" x:Family="Swiss" ss:Size="11" ss:Color="#000000"
    ss:Bold="1"/>
   <Interior ss:Color="#EEECE1" ss:Pattern="Solid"/>
  </Style>
  <Style ss:ID="s76">
   <Alignment ss:Horizontal="Left" ss:Vertical="Top" ss:ShrinkToFit="1"
    ss:WrapText="1"/>
   <Borders/>
   <Font ss:FontName="Calibri" x:Family="Swiss" ss:Size="11" ss:Color="#000000"
    ss:Bold="1"/>
   <Interior ss:Color="#EEECE1" ss:Pattern="Solid"/>
  </Style>
  <Style ss:ID="s77">
   <Alignment ss:Vertical="Bottom" ss:WrapText="1"/>
  </Style>
  <Style ss:ID="s78">
   <Font ss:FontName="Verdana" x:Family="Swiss" ss:Size="9" ss:Color="#333333"
    ss:Bold="1"/>
  </Style>
 </Styles>
 <Worksheet ss:Name="Data Elements">
  <Table ss:ExpandedColumnCount="18" ss:ExpandedRowCount="10" x:FullColumns="1"
   x:FullRows="1" ss:StyleID="s64" ss:DefaultRowHeight="15">
   <Column ss:StyleID="s65" ss:AutoFitWidth="0" ss:Width="102"/>
   <Column ss:StyleID="s64" ss:AutoFitWidth="0" ss:Width="42"/>
   <Column ss:StyleID="s64" ss:AutoFitWidth="0" ss:Width="33.75" ss:Span="1"/>
   <Column ss:Index="5" ss:StyleID="s64" ss:AutoFitWidth="0" ss:Width="63.75"/>
   <Column ss:StyleID="s64" ss:AutoFitWidth="0" ss:Width="96.75"/>
   <Column ss:StyleID="s64" ss:AutoFitWidth="0" ss:Width="101.25"/>
   <Column ss:StyleID="s64" ss:AutoFitWidth="0" ss:Width="216.75"/>
   <Column ss:StyleID="s64" ss:AutoFitWidth="0" ss:Width="100.5"/>
   <Column ss:StyleID="s64" ss:AutoFitWidth="0" ss:Width="129.75"/>
   <Column ss:StyleID="s64" ss:AutoFitWidth="0" ss:Width="128.25" ss:Span="1"/>
   <Column ss:Index="13" ss:StyleID="s64" ss:AutoFitWidth="0" ss:Width="120.75"/>
   <Column ss:StyleID="s64" ss:AutoFitWidth="0" ss:Width="67.5" ss:Span="2"/>
   <Column ss:Index="17" ss:StyleID="s64" ss:AutoFitWidth="0" ss:Width="84.75"/>
   <Column ss:StyleID="s64" ss:AutoFitWidth="0" ss:Width="73.5"/>
   <Row ss:AutoFitHeight="0" ss:Height="60" ss:StyleID="s66">
    <Cell><Data ss:Type="String">Element</Data></Cell>
    <Cell><Data ss:Type="String">Card.</Data></Cell>
    <Cell><Data ss:Type="String">Inv.</Data></Cell>
    <Cell><Data ss:Type="String">Is Modifier</Data></Cell>
    <Cell><Data ss:Type="String">Type</Data></Cell>
    <Cell><Data ss:Type="String">Binding</Data></Cell>
    <Cell><Data ss:Type="String">Short Name</Data></Cell>
    <Cell><Data ss:Type="String">Definition</Data></Cell>
    <Cell><Data ss:Type="String">Example</Data></Cell>
    <Cell><Data ss:Type="String">Requirements</Data></Cell>
    <Cell><Data ss:Type="String">Comments</Data></Cell>
    <Cell><Data ss:Type="String">Aliases</Data></Cell>
    <Cell><Data ss:Type="String">RIM Mapping</Data></Cell>
    <Cell><Data ss:Type="String">v2 Mapping</Data></Cell>
    <Cell><Data ss:Type="String">vCard Mapping</Data></Cell>
    <Cell><Data ss:Type="String">ServD Mapping</Data></Cell>
    <Cell><Data ss:Type="String">To Do</Data></Cell>
    <Cell><Data ss:Type="String">Committee Notes</Data></Cell>
   </Row>
   <Row ss:AutoFitHeight="0" ss:Height="60">
    <Cell><Data ss:Type="String">Address</Data></Cell>
    <Cell ss:StyleID="s67"/>
    <Cell ss:StyleID="s67"/>
    <Cell ss:StyleID="s67"/>
    <Cell><Data ss:Type="String">Structure</Data></Cell>
    <Cell ss:Index="7"><Data ss:Type="String">A postal address</Data></Cell>
    <Cell><Data ss:Type="String">There is a variety of postal address formats defined around the world. This format defines a superset that is the basis for all addresses around the world </Data></Cell>
    <Cell ss:Index="10"><Data ss:Type="String">Need to be able to record postal addresses, along with notes about their use</Data></Cell>
    <Cell><Data ss:Type="String">Note: address is for postal addresses, not physical locations</Data></Cell>
    <Cell ss:Index="13"><Data ss:Type="String">AD</Data></Cell>
    <Cell><Data ss:Type="String">XAD</Data></Cell>
    <Cell ss:Index="16"><Data ss:Type="String">Address</Data></Cell>
   </Row>
   <Row ss:AutoFitHeight="0" ss:Height="45">
    <Cell><Data ss:Type="String">Address.use</Data></Cell>
    <Cell><Data ss:Type="String">0..1</Data></Cell>
    <Cell ss:Index="4"><Data ss:Type="String">Y</Data></Cell>
    <Cell><Data ss:Type="String">code</Data></Cell>
    <Cell><Data ss:Type="String">AddressUse</Data></Cell>
    <Cell><Data ss:Type="String">home | work | temp | old - purpose of this address</Data></Cell>
    <Cell><Data ss:Type="String">The purpose of this address</Data></Cell>
    <Cell><Data ss:Type="String">Home, Work</Data></Cell>
    <Cell><Data ss:Type="String">Allows an appropriate address to be chosen from a list of many</Data></Cell>
    <Cell ss:StyleID="s68"><Data ss:Type="String">This is labeled as &quot;Is Modifier&quot; because applications should not mistake a temporary or old address etc for a current/permanent one. Applications can assume that an address is current unless it explicitly says that it is temporary or old</Data></Cell>
    <Cell ss:Index="13"><Data ss:Type="String">unique(./use)</Data></Cell>
    <Cell ss:StyleID="s70"><Data ss:Type="String">XAD.7</Data></Cell>
    <Cell ss:Index="16"><Data ss:Type="String">./AddressPurpose</Data></Cell>
    <Cell ss:Index="18"><Data ss:Type="String">Is it outside the 80% for this to repeat?</Data></Cell>
   </Row>
   <Row ss:AutoFitHeight="0" ss:Height="45">
    <Cell><Data ss:Type="String">Address.text</Data></Cell>
    <Cell><Data ss:Type="String">0..1</Data></Cell>
    <Cell ss:Index="5"><Data ss:Type="String">string</Data></Cell>
    <Cell ss:Index="7"><Data ss:Type="String">Text representation of the address</Data></Cell>
    <Cell><Data ss:Type="String">A full text representation of the address</Data></Cell>
    <Cell><Data ss:Type="String">137 Nowhere Street, Erewhon 9132</Data></Cell>
    <Cell><Data ss:Type="String">A renderable, unencoded form</Data></Cell>
    <Cell><Data ss:Type="String">Can provide both a text representation and parts</Data></Cell>
    <Cell ss:Index="13"><Data ss:Type="String">./formatted</Data></Cell>
    <Cell ss:StyleID="s70"><Data ss:Type="String">XAD.1 + XAD.2 + XAD.3 + XAD.4 + XAD.5 + XAD.6</Data></Cell>
   </Row>
   <Row ss:AutoFitHeight="0" ss:Height="45">
    <Cell><Data ss:Type="String">Address.line</Data></Cell>
    <Cell><Data ss:Type="String">0..*</Data></Cell>
    <Cell ss:Index="5"><Data ss:Type="String">string</Data></Cell>
    <Cell ss:Index="7"><Data ss:Type="String">Street name, number, direction &amp; P.O. Box etc </Data></Cell>
    <Cell ss:StyleID="s72"><Data ss:Type="String">This component contains the house number, apartment number, street name, street direction, &#10;P.O. Box number, delivery hints, and similar address information</Data></Cell>
    <Cell ss:Index="10"><Data ss:Type="String">home | work | temp | old - purpose of this address</Data></Cell>
    <Cell ss:Index="13"><Data ss:Type="String">AD.part[parttype = AL]</Data></Cell>
    <Cell ss:StyleID="s70"><Data ss:Type="String">XAD.1 + XAD.2 (note: XAD.1 and XAD.2 have different meanings for a company address than for a person address)&#10;</Data></Cell>
    <Cell><Data ss:Type="String">street address</Data></Cell>
    <Cell><Data ss:Type="String">./StreetAddress (newline delimitted)</Data></Cell>
   </Row>
   <Row ss:AutoFitHeight="0" ss:Height="30">
    <Cell><Data ss:Type="String">Address.city</Data></Cell>
    <Cell><Data ss:Type="String">0..1</Data></Cell>
    <Cell ss:Index="5"><Data ss:Type="String">string</Data></Cell>
    <Cell ss:Index="7"><Data ss:Type="String">Name of city, town etc.</Data></Cell>
    <Cell ss:StyleID="s72"><Data ss:Type="String">The name of the city, town, village or other community or delivery center.</Data></Cell>
    <Cell ss:Index="12"><Data ss:Type="String">Muncipality</Data></Cell>
    <Cell><Data ss:Type="String">AD.part[parttype = CTY]</Data></Cell>
    <Cell ss:StyleID="s70"><Data ss:Type="String">XAD.3</Data></Cell>
    <Cell><Data ss:Type="String">locality</Data></Cell>
    <Cell><Data ss:Type="String">./Jurisdiction</Data></Cell>
   </Row>
   <Row ss:AutoFitHeight="0" ss:Height="60">
    <Cell><Data ss:Type="String">Address.state</Data></Cell>
    <Cell><Data ss:Type="String">0..1</Data></Cell>
    <Cell ss:Index="5"><Data ss:Type="String">string</Data></Cell>
    <Cell ss:Index="7"><Data ss:Type="String">Sub-unit of country (abreviations ok)</Data></Cell>
    <Cell ss:StyleID="s72"><Data ss:Type="String">Sub-unit of a country with limited sovereignty in a federally organized country. A code may be used if codes are in common use (i.e. US 2 letter state codes).</Data></Cell>
    <Cell ss:Index="12"><Data ss:Type="String">Province, Territory</Data></Cell>
    <Cell><Data ss:Type="String">AD.part[parttype = STA]</Data></Cell>
    <Cell ss:StyleID="s70"><Data ss:Type="String">XAD.4</Data></Cell>
    <Cell><Data ss:Type="String">region</Data></Cell>
    <Cell><Data ss:Type="String">./Region</Data></Cell>
   </Row>
   <Row ss:AutoFitHeight="0" ss:Height="30">
    <Cell><Data ss:Type="String">Address.zip</Data></Cell>
    <Cell><Data ss:Type="String">0..1</Data></Cell>
    <Cell ss:Index="5"><Data ss:Type="String">string</Data></Cell>
    <Cell ss:Index="7"><Data ss:Type="String">Postal code for area</Data></Cell>
    <Cell ss:StyleID="s72"><Data ss:Type="String">A postal code designating a region defined by the postal service.</Data></Cell>
    <Cell ss:Index="12"><Data ss:Type="String">PostCode</Data></Cell>
    <Cell><Data ss:Type="String">AD.part[parttype = ZIP]</Data></Cell>
    <Cell ss:StyleID="s70"><Data ss:Type="String">XAD.5</Data></Cell>
    <Cell><Data ss:Type="String">postal code</Data></Cell>
    <Cell><Data ss:Type="String">./PostalIdentificationCode</Data></Cell>
   </Row>
   <Row ss:AutoFitHeight="0" ss:Height="30">
    <Cell><Data ss:Type="String">Address.country</Data></Cell>
    <Cell><Data ss:Type="String">0..1</Data></Cell>
    <Cell ss:Index="5"><Data ss:Type="String">string</Data></Cell>
    <Cell ss:Index="7"><Data ss:Type="String">Country (can be ISO 3166 3 letter code)</Data></Cell>
    <Cell ss:StyleID="s72"><Data ss:Type="String">Country - a nation as commonly understood or generally accepted</Data></Cell>
    <Cell ss:Index="11"><Data ss:Type="String">ISO 3166 3 letter codes can be used in place of a full country name.</Data></Cell>
    <Cell ss:Index="13"><Data ss:Type="String">AD.part[parttype = CNT]</Data></Cell>
    <Cell ss:StyleID="s70"><Data ss:Type="String">XAD.6</Data></Cell>
    <Cell><Data ss:Type="String">country name</Data></Cell>
    <Cell><Data ss:Type="String">./Country</Data></Cell>
   </Row>
   <Row ss:AutoFitHeight="0" ss:Height="45">
    <Cell><Data ss:Type="String">Address.period</Data></Cell>
    <Cell><Data ss:Type="String">0..1</Data></Cell>
    <Cell ss:Index="5"><Data ss:Type="String">Period</Data></Cell>
    <Cell ss:Index="7"><Data ss:Type="String">Time period when address was/is in use</Data></Cell>
    <Cell><Data ss:Type="String">Time period when address was/is in use</Data></Cell>
    <Cell><Data ss:Type="String">23-Mar 2010 -&gt; 1-Jul 2010</Data></Cell>
    <Cell><Data ss:Type="String">Allows addresses to be placed in historical context</Data></Cell>
    <Cell ss:Index="13"><Data ss:Type="String">./usablePeriod[type=&quot;IVL&lt;TS&gt;&quot;]</Data></Cell>
    <Cell ss:StyleID="s70"><Data ss:Type="String">XAD.12 / XAD.13 + XAD.14&#10;</Data></Cell>
    <Cell ss:Index="16"><Data ss:Type="String">./StartDate and ./EndDate</Data></Cell>
   </Row>
  </Table>
  <WorksheetOptions xmlns="urn:schemas-microsoft-com:office:excel">
   <PageSetup>
    <Header x:Margin="0.3"/>
    <Footer x:Margin="0.3"/>
    <PageMargins x:Bottom="0.75" x:Left="0.7" x:Right="0.7" x:Top="0.75"/>
   </PageSetup>
   <Unsynced/>
   <Print>
    <ValidPrinterInfo/>
    <PaperSizeIndex>9</PaperSizeIndex>
    <HorizontalResolution>600</HorizontalResolution>
    <VerticalResolution>300</VerticalResolution>
   </Print>
   <Selected/>
   <FreezePanes/>
   <SplitHorizontal>1</SplitHorizontal>
   <TopRowBottomPane>1</TopRowBottomPane>
   <SplitVertical>5</SplitVertical>
   <LeftColumnRightPane>5</LeftColumnRightPane>
   <ActivePane>0</ActivePane>
   <Panes>
    <Pane>
     <Number>3</Number>
    </Pane>
    <Pane>
     <Number>1</Number>
     <ActiveCol>4</ActiveCol>
    </Pane>
    <Pane>
     <Number>2</Number>
     <ActiveRow>0</ActiveRow>
    </Pane>
    <Pane>
     <Number>0</Number>
     <ActiveRow>8</ActiveRow>
     <ActiveCol>7</ActiveCol>
    </Pane>
   </Panes>
   <ProtectObjects>False</ProtectObjects>
   <ProtectScenarios>False</ProtectScenarios>
  </WorksheetOptions>
 </Worksheet>
 <Worksheet ss:Name="Invariants">
  <Table ss:ExpandedColumnCount="6" ss:ExpandedRowCount="2" x:FullColumns="1"
   x:FullRows="1" ss:StyleID="s73" ss:DefaultRowHeight="15">
   <Column ss:StyleID="s73" ss:AutoFitWidth="0" ss:Width="24"/>
   <Column ss:StyleID="s73" ss:AutoFitWidth="0" ss:Width="125.25"/>
   <Column ss:StyleID="s73" ss:Width="42.75"/>
   <Column ss:StyleID="s73" ss:AutoFitWidth="0" ss:Width="392.25"/>
   <Column ss:StyleID="s73" ss:AutoFitWidth="0" ss:Width="329.25"/>
   <Column ss:StyleID="s73" ss:AutoFitWidth="0" ss:Width="230.25"/>
   <Row ss:AutoFitHeight="0" ss:StyleID="s74">
    <Cell><Data ss:Type="String">Id</Data></Cell>
    <Cell ss:StyleID="s75"><Data ss:Type="String">Name</Data></Cell>
    <Cell ss:StyleID="s75"><Data ss:Type="String">Context</Data></Cell>
    <Cell ss:StyleID="s75"><Data ss:Type="String">English</Data></Cell>
    <Cell ss:StyleID="s75"><Data ss:Type="String">OCL</Data></Cell>
    <Cell ss:StyleID="s75"><Data ss:Type="String">XPath</Data></Cell>
   </Row>
   <Row ss:AutoFitHeight="0" ss:Height="45">
    <Cell ss:Index="2" ss:StyleID="s64"/>
    <Cell ss:StyleID="s64"/>
    <Cell ss:StyleID="s68"/>
    <Cell ss:StyleID="s64"/>
    <Cell ss:StyleID="s64"/>
   </Row>
  </Table>
  <WorksheetOptions xmlns="urn:schemas-microsoft-com:office:excel">
   <PageSetup>
    <Header x:Margin="0.3"/>
    <Footer x:Margin="0.3"/>
    <PageMargins x:Bottom="0.75" x:Left="0.7" x:Right="0.7" x:Top="0.75"/>
   </PageSetup>
   <Unsynced/>
   <Print>
    <ValidPrinterInfo/>
    <PaperSizeIndex>9</PaperSizeIndex>
    <HorizontalResolution>600</HorizontalResolution>
    <VerticalResolution>0</VerticalResolution>
   </Print>
   <Panes>
    <Pane>
     <Number>3</Number>
     <ActiveRow>1</ActiveRow>
     <RangeSelection>R2</RangeSelection>
    </Pane>
   </Panes>
   <ProtectObjects>False</ProtectObjects>
   <ProtectScenarios>False</ProtectScenarios>
  </WorksheetOptions>
 </Worksheet>
 <Worksheet ss:Name="Bindings">
  <Table ss:ExpandedColumnCount="8" ss:ExpandedRowCount="2" x:FullColumns="1"
   x:FullRows="1" ss:DefaultRowHeight="15">
   <Column ss:AutoFitWidth="0" ss:Width="83.25"/>
   <Column ss:AutoFitWidth="0" ss:Width="117"/>
   <Column ss:AutoFitWidth="0" ss:Width="87.75"/>
   <Column ss:AutoFitWidth="0" ss:Width="147.75"/>
   <Column ss:AutoFitWidth="0" ss:Width="224.25"/>
   <Row ss:AutoFitHeight="0">
    <Cell ss:StyleID="s75"><Data ss:Type="String">Binding Name</Data></Cell>
    <Cell ss:StyleID="s75"><Data ss:Type="String">Definition</Data></Cell>
    <Cell ss:StyleID="s75"><Data ss:Type="String">Binding</Data></Cell>
    <Cell ss:StyleID="s75"><Data ss:Type="String">Reference</Data></Cell>
    <Cell ss:StyleID="s75"><Data ss:Type="String">Description</Data></Cell>
    <Cell ss:StyleID="s76"><Data ss:Type="String">v3</Data></Cell>
    <Cell ss:StyleID="s76"><Data ss:Type="String">v2</Data></Cell>
   </Row>
   <Row ss:AutoFitHeight="0">
    <Cell ss:StyleID="s77"><Data ss:Type="String">AddressUse</Data></Cell>
    <Cell ss:StyleID="s77"><Data ss:Type="String">The use of an address</Data></Cell>
    <Cell ss:StyleID="s77"><Data ss:Type="String">code list</Data></Cell>
    <Cell ss:StyleID="s77"><Data ss:Type="String">#address-use</Data></Cell>
    <Cell ss:Index="6" ss:StyleID="s78"><Data ss:Type="String">http://hl7.org/fhir/v3/vs/AddressUse</Data></Cell>
    <Cell ss:StyleID="s78"><Data ss:Type="String">http://hl7.org/fhir/v2/vs/0190</Data></Cell>
    <Cell ss:StyleID="s75"/>
   </Row>
  </Table>
  <WorksheetOptions xmlns="urn:schemas-microsoft-com:office:excel">
   <PageSetup>
    <Header x:Margin="0.3"/>
    <Footer x:Margin="0.3"/>
    <PageMargins x:Bottom="0.75" x:Left="0.7" x:Right="0.7" x:Top="0.75"/>
   </PageSetup>
   <Unsynced/>
   <Panes>
    <Pane>
     <Number>3</Number>
     <ActiveRow>2</ActiveRow>
     <ActiveCol>5</ActiveCol>
    </Pane>
   </Panes>
   <ProtectObjects>False</ProtectObjects>
   <ProtectScenarios>False</ProtectScenarios>
  </WorksheetOptions>
 </Worksheet>
 <Worksheet ss:Name="address-use">
  <Table ss:ExpandedColumnCount="7" ss:ExpandedRowCount="5" x:FullColumns="1"
   x:FullRows="1" ss:DefaultRowHeight="15">
   <Column ss:Index="3" ss:AutoFitWidth="0" ss:Width="429"/>
   <Column ss:AutoFitWidth="0" ss:Width="167.25"/>
   <Row ss:AutoFitHeight="0">
    <Cell ss:StyleID="s75"><Data ss:Type="String">Id</Data></Cell>
    <Cell ss:StyleID="s75"><Data ss:Type="String">Code</Data></Cell>
    <Cell ss:StyleID="s75"><Data ss:Type="String">Definition</Data></Cell>
    <Cell ss:StyleID="s75"><Data ss:Type="String">v3</Data></Cell>
    <Cell ss:StyleID="s75"><Data ss:Type="String">v2</Data></Cell>
    <Cell ss:StyleID="s75"/>
    <Cell ss:StyleID="s75"/>
   </Row>
   <Row ss:AutoFitHeight="0">
    <Cell><Data ss:Type="Number">1</Data></Cell>
    <Cell ss:StyleID="s62"><Data ss:Type="String">home</Data></Cell>
    <Cell ss:StyleID="s62"><Data ss:Type="String">A communication address at a home</Data></Cell>
    <Cell><Data ss:Type="String" x:Ticked="1">=AddressUse.H</Data></Cell>
    <Cell ss:StyleID="s62"><Data ss:Type="String">~0190.H</Data></Cell>
   </Row>
   <Row ss:AutoFitHeight="0">
    <Cell><Data ss:Type="Number">2</Data></Cell>
    <Cell ss:StyleID="s62"><Data ss:Type="String">work</Data></Cell>
    <Cell ss:StyleID="s62"><Data ss:Type="String">An office address. First choice for business related contacts during business hours</Data></Cell>
    <Cell><Data ss:Type="String" x:Ticked="1">=AddressUse.WP</Data></Cell>
    <Cell ss:StyleID="s62"><Data ss:Type="String">~0190.O</Data></Cell>
   </Row>
   <Row ss:AutoFitHeight="0">
    <Cell><Data ss:Type="Number">3</Data></Cell>
    <Cell ss:StyleID="s62"><Data ss:Type="String">temp</Data></Cell>
    <Cell ss:StyleID="s62"><Data ss:Type="String">A temporary address. The period can provide more detailed information</Data></Cell>
    <Cell><Data ss:Type="String" x:Ticked="1">=AddressUse.TMP</Data></Cell>
    <Cell ss:StyleID="s62"><Data ss:Type="String">~0190.C</Data></Cell>
   </Row>
   <Row ss:AutoFitHeight="0">
    <Cell><Data ss:Type="Number">4</Data></Cell>
    <Cell ss:StyleID="s62"><Data ss:Type="String">old</Data></Cell>
    <Cell ss:StyleID="s62"><Data ss:Type="String">This address is no longer in use (or was never correct, but retained for records)</Data></Cell>
    <Cell><Data ss:Type="String" x:Ticked="1">&gt;AddressUse.OLD,&gt;AddressUse.BAD</Data></Cell>
    <Cell ss:StyleID="s62"><Data ss:Type="String" x:Ticked="1">&gt;0190.BA (unclear about old addresses)</Data></Cell>
   </Row>
  </Table>
  <WorksheetOptions xmlns="urn:schemas-microsoft-com:office:excel">
   <PageSetup>
    <Header x:Margin="0.3"/>
    <Footer x:Margin="0.3"/>
    <PageMargins x:Bottom="0.75" x:Left="0.7" x:Right="0.7" x:Top="0.75"/>
   </PageSetup>
   <Unsynced/>
   <Print>
    <ValidPrinterInfo/>
    <PaperSizeIndex>9</PaperSizeIndex>
    <HorizontalResolution>300</HorizontalResolution>
    <VerticalResolution>300</VerticalResolution>
   </Print>
   <Panes>
    <Pane>
     <Number>3</Number>
     <ActiveRow>3</ActiveRow>
     <ActiveCol>2</ActiveCol>
    </Pane>
   </Panes>
   <ProtectObjects>False</ProtectObjects>
   <ProtectScenarios>False</ProtectScenarios>
  </WorksheetOptions>
 </Worksheet>
</Workbook>
