<?xml version="1.0"?>
<?mso-application progid="Excel.Sheet"?>
<Workbook xmlns="urn:schemas-microsoft-com:office:spreadsheet"
 xmlns:o="urn:schemas-microsoft-com:office:office"
 xmlns:x="urn:schemas-microsoft-com:office:excel"
 xmlns:ss="urn:schemas-microsoft-com:office:spreadsheet"
 xmlns:html="http://www.w3.org/TR/REC-html40">
 <DocumentProperties xmlns="urn:schemas-microsoft-com:office:office">
  <Author>Grahame</Author>
  <LastAuthor>Grahame</LastAuthor>
  <Created>2012-03-19T11:24:50Z</Created>
  <LastSaved>2012-05-31T06:51:22Z</LastSaved>
  <Version>14.00</Version>
 </DocumentProperties>
 <OfficeDocumentSettings xmlns="urn:schemas-microsoft-com:office:office">
  <AllowPNG/>
 </OfficeDocumentSettings>
 <ExcelWorkbook xmlns="urn:schemas-microsoft-com:office:excel">
  <WindowHeight>10560</WindowHeight>
  <WindowWidth>29040</WindowWidth>
  <WindowTopX>5865</WindowTopX>
  <WindowTopY>6870</WindowTopY>
  <ProtectStructure>False</ProtectStructure>
  <ProtectWindows>False</ProtectWindows>
 </ExcelWorkbook>
 <Styles>
  <Style ss:ID="Default" ss:Name="Normal">
   <Alignment ss:Vertical="Bottom"/>
   <Borders/>
   <Font ss:FontName="Calibri" x:Family="Swiss" ss:Size="11" ss:Color="#000000"/>
   <Interior/>
   <NumberFormat/>
   <Protection/>
  </Style>
  <Style ss:ID="s62">
   <Alignment ss:Horizontal="Left" ss:Vertical="Top" ss:ShrinkToFit="1"
    ss:WrapText="1"/>
  </Style>
  <Style ss:ID="s63">
   <Alignment ss:Horizontal="Left" ss:Vertical="Top" ss:ShrinkToFit="1"
    ss:WrapText="1"/>
   <Font ss:FontName="Calibri" x:Family="Swiss" ss:Size="11" ss:Color="#000000"
    ss:Bold="1"/>
  </Style>
  <Style ss:ID="s64">
   <Alignment ss:Horizontal="Left" ss:Vertical="Top" ss:ShrinkToFit="1"
    ss:WrapText="1"/>
   <Borders>
    <Border ss:Position="Bottom" ss:LineStyle="Continuous" ss:Weight="1"/>
   </Borders>
   <Font ss:FontName="Calibri" x:Family="Swiss" ss:Size="11" ss:Color="#000000"
    ss:Bold="1"/>
   <Interior ss:Color="#EEECE1" ss:Pattern="Solid"/>
  </Style>
  <Style ss:ID="s65">
   <Alignment ss:Horizontal="Left" ss:Vertical="Top" ss:ShrinkToFit="1"
    ss:WrapText="1"/>
   <Interior ss:Color="#F2F2F2" ss:Pattern="Solid"/>
  </Style>
  <Style ss:ID="s66">
   <Alignment ss:Vertical="Top" ss:ShrinkToFit="1" ss:WrapText="1"/>
  </Style>
 </Styles>
 <Worksheet ss:Name="Data Elements">
  <Table ss:ExpandedColumnCount="15" ss:ExpandedRowCount="5" x:FullColumns="1"
   x:FullRows="1" ss:StyleID="s62" ss:DefaultRowHeight="15">
   <Column ss:StyleID="s63" ss:AutoFitWidth="0" ss:Width="197.25"/>
   <Column ss:StyleID="s62" ss:AutoFitWidth="0" ss:Width="34.5" ss:Span="1"/>
   <Column ss:Index="4" ss:StyleID="s62" ss:AutoFitWidth="0" ss:Width="61.5"/>
   <Column ss:StyleID="s62" ss:AutoFitWidth="0" ss:Width="56.25"/>
   <Column ss:StyleID="s62" ss:AutoFitWidth="0" ss:Width="44.25"/>
   <Column ss:StyleID="s62" ss:AutoFitWidth="0" ss:Width="143.25"/>
   <Column ss:StyleID="s62" ss:AutoFitWidth="0" ss:Width="213.75"/>
   <Column ss:StyleID="s62" ss:AutoFitWidth="0" ss:Width="120.75"/>
   <Column ss:StyleID="s62" ss:AutoFitWidth="0" ss:Width="201"/>
   <Column ss:StyleID="s62" ss:AutoFitWidth="0" ss:Width="198"/>
   <Column ss:StyleID="s62" ss:AutoFitWidth="0" ss:Width="135" ss:Span="1"/>
   <Row ss:AutoFitHeight="0" ss:Height="30" ss:StyleID="s64">
    <Cell><Data ss:Type="String">Element</Data></Cell>
    <Cell><Data ss:Type="String">Card.</Data></Cell>
    <Cell><Data ss:Type="String">Inv.</Data></Cell>
    <Cell><Data ss:Type="String">Must Understand</Data></Cell>
    <Cell><Data ss:Type="String">Type</Data></Cell>
    <Cell><Data ss:Type="String">Concept Domain</Data></Cell>
    <Cell><Data ss:Type="String">Short Name</Data></Cell>
    <Cell><Data ss:Type="String">Definition</Data></Cell>
    <Cell><Data ss:Type="String">Example</Data></Cell>
    <Cell><Data ss:Type="String">Requirements</Data></Cell>
    <Cell><Data ss:Type="String">Comments</Data></Cell>
    <Cell><Data ss:Type="String">RIM Mapping</Data></Cell>
    <Cell><Data ss:Type="String">v2 Mapping</Data></Cell>
    <Cell><Data ss:Type="String">To Do</Data></Cell>
    <Cell><Data ss:Type="String">Committee Notes</Data></Cell>
   </Row>
   <Row ss:AutoFitHeight="0" ss:Height="110.25">
    <Cell><Data ss:Type="String">CodeableConcept</Data></Cell>
    <Cell ss:StyleID="s65"/>
    <Cell ss:StyleID="s65"/>
    <Cell ss:StyleID="s65"/>
    <Cell><Data ss:Type="String">Type</Data></Cell>
    <Cell ss:Index="7"><Data ss:Type="String">Concept - reference to a terminology or just  text</Data></Cell>
    <Cell><Data ss:Type="String">A concept that may be defined by a formal reference to a terminology or ontology or may be provided by text</Data></Cell>
    <Cell ss:Index="10"><Data ss:Type="String">This is a common pattern in healthcare - a concept that may be defined by one or more codes from formal definitions including LOINC and SNOMED CT, and/or defined by the provision of text that captures a human sense of the concept</Data></Cell>
    <Cell><Data ss:Type="String">Not all terminology uses fit this general pattern. In some cases, models should not use CodeableConcept and use Coding directly and provide their own structure for managing text, codings, translations and the relationship between elements and pre- and post-coordination</Data></Cell>
    <Cell><Data ss:Type="String">CD</Data></Cell>
    <Cell><Data ss:Type="String">CE/CNE/CWE</Data></Cell>
   </Row>
   <Row ss:AutoFitHeight="0" ss:Height="105">
    <Cell><Data ss:Type="String">CodeableConcept.coding</Data></Cell>
    <Cell><Data ss:Type="String">0..*</Data></Cell>
    <Cell ss:Index="5"><Data ss:Type="String">Coding</Data></Cell>
    <Cell ss:Index="7"><Data ss:Type="String">Code defined by a terminology system </Data></Cell>
    <Cell><Data ss:Type="String">A reference to a code defined by a terminology system </Data></Cell>
    <Cell ss:Index="10"><Data ss:Type="String">Allows for translations and alternate encodings within a code system.  Also supports communication of the same instance to systems requiring different encodings.</Data></Cell>
    <Cell><Data ss:Type="String">Codes may be defined very casually in enumerations, or code lists, up to very formal definitions such as SNOMED CT - see the V3 Core Principles for more information.  Ordering of codings is undefined and SHALL not be used to infer meaning.</Data></Cell>
    <Cell><Data ss:Type="String">union(., ./translation)</Data></Cell>
    <Cell><Data ss:Type="String">C*E.1-8, C*E.10-22</Data></Cell>
   </Row>
   <Row ss:AutoFitHeight="0" ss:Height="135">
    <Cell><Data ss:Type="String">CodeableConcept.text</Data></Cell>
    <Cell><Data ss:Type="String">0..1</Data></Cell>
    <Cell ss:Index="5"><Data ss:Type="String">string</Data></Cell>
    <Cell ss:Index="7"><Data ss:Type="String">Plain text representation of the concept</Data></Cell>
    <Cell><Data ss:Type="String">A human language representation of the concept as seen/selected/uttered by the user who entered the data and/or which represents the intended meaning of the user</Data></Cell>
    <Cell ss:Index="10"><Data ss:Type="String">The codes from the terminologies do not always capture the correct meaning with all the nuances of the human using them, or sometimes there is no appropriate code at all. In these cases, the text is used to capture the full meaning of the source</Data></Cell>
    <Cell><Data ss:Type="String">Very often the text is the same as a displayName of one of the codings</Data></Cell>
    <Cell><Data ss:Type="String">./originalText[mediaType/code=&quot;text/plain&quot;]/data</Data></Cell>
    <Cell><Data ss:Type="String">C*E.9. But note many systems use C*E.2 for this</Data></Cell>
   </Row>
   <Row ss:AutoFitHeight="0" ss:Height="90"/>
  </Table>
  <WorksheetOptions xmlns="urn:schemas-microsoft-com:office:excel">
   <PageSetup>
    <Header x:Margin="0.3"/>
    <Footer x:Margin="0.3"/>
    <PageMargins x:Bottom="0.75" x:Left="0.7" x:Right="0.7" x:Top="0.75"/>
   </PageSetup>
   <Unsynced/>
   <Selected/>
   <Panes>
    <Pane>
     <Number>3</Number>
     <ActiveRow>4</ActiveRow>
     <ActiveCol>9</ActiveCol>
    </Pane>
   </Panes>
   <ProtectObjects>False</ProtectObjects>
   <ProtectScenarios>False</ProtectScenarios>
  </WorksheetOptions>
 </Worksheet>
 <Worksheet ss:Name="Invariants">
  <Table ss:ExpandedColumnCount="6" ss:ExpandedRowCount="2" x:FullColumns="1"
   x:FullRows="1" ss:StyleID="s66" ss:DefaultRowHeight="15">
   <Column ss:Index="2" ss:StyleID="s66" ss:AutoFitWidth="0" ss:Width="155.25"
    ss:Span="1"/>
   <Column ss:Index="4" ss:StyleID="s66" ss:AutoFitWidth="0" ss:Width="301.5"/>
   <Column ss:StyleID="s66" ss:AutoFitWidth="0" ss:Width="359.25"/>
   <Column ss:StyleID="s66" ss:AutoFitWidth="0" ss:Width="265.5"/>
   <Row ss:AutoFitHeight="0" ss:StyleID="s64">
    <Cell><Data ss:Type="String">Id</Data></Cell>
    <Cell><Data ss:Type="String">Name</Data></Cell>
    <Cell><Data ss:Type="String">Context</Data></Cell>
    <Cell><Data ss:Type="String">English</Data></Cell>
    <Cell><Data ss:Type="String">OCL</Data></Cell>
    <Cell><Data ss:Type="String">XPath</Data></Cell>
   </Row>
   <Row ss:AutoFitHeight="0" ss:Height="30">
    <Cell><Data ss:Type="Number">2</Data></Cell>
    <Cell><Data ss:Type="String">Coding.primary rule</Data></Cell>
    <Cell><Data ss:Type="String">CodeableConcept</Data></Cell>
    <Cell><Data ss:Type="String">Only one coding in a set can be chosen directly by the user</Data></Cell>
    <Cell><Data ss:Type="String">codings.collect(primary = true)-&gt;size() &lt; 1</Data></Cell>
    <Cell><Data ss:Type="String">count(f:coding[f:primary/@value='true'])&lt;1</Data></Cell>
   </Row>
  </Table>
  <WorksheetOptions xmlns="urn:schemas-microsoft-com:office:excel">
   <PageSetup>
    <Header x:Margin="0.3"/>
    <Footer x:Margin="0.3"/>
    <PageMargins x:Bottom="0.75" x:Left="0.7" x:Right="0.7" x:Top="0.75"/>
   </PageSetup>
   <Unsynced/>
   <Panes>
    <Pane>
     <Number>3</Number>
     <ActiveRow>2</ActiveRow>
     <ActiveCol>5</ActiveCol>
    </Pane>
   </Panes>
   <ProtectObjects>False</ProtectObjects>
   <ProtectScenarios>False</ProtectScenarios>
  </WorksheetOptions>
 </Worksheet>
</Workbook>
