<?xml version="1.0"?>
<?mso-application progid="Excel.Sheet"?>
<Workbook xmlns="urn:schemas-microsoft-com:office:spreadsheet"
 xmlns:o="urn:schemas-microsoft-com:office:office"
 xmlns:x="urn:schemas-microsoft-com:office:excel"
 xmlns:ss="urn:schemas-microsoft-com:office:spreadsheet"
 xmlns:html="http://www.w3.org/TR/REC-html40">
 <DocumentProperties xmlns="urn:schemas-microsoft-com:office:office">
  <Author>Grahame</Author>
  <LastAuthor>Grahame</LastAuthor>
  <Created>2012-03-19T11:24:32Z</Created>
  <LastSaved>2013-10-01T23:08:35Z</LastSaved>
  <Version>14.00</Version>
 </DocumentProperties>
 <OfficeDocumentSettings xmlns="urn:schemas-microsoft-com:office:office">
  <AllowPNG/>
 </OfficeDocumentSettings>
 <ExcelWorkbook xmlns="urn:schemas-microsoft-com:office:excel">
  <WindowHeight>9645</WindowHeight>
  <WindowWidth>25815</WindowWidth>
  <WindowTopX>2310</WindowTopX>
  <WindowTopY>2625</WindowTopY>
  <ProtectStructure>False</ProtectStructure>
  <ProtectWindows>False</ProtectWindows>
 </ExcelWorkbook>
 <Styles>
  <Style ss:ID="Default" ss:Name="Normal">
   <Alignment ss:Vertical="Bottom"/>
   <Borders/>
   <Font ss:FontName="Calibri" x:Family="Swiss" ss:Size="11" ss:Color="#000000"/>
   <Interior/>
   <NumberFormat/>
   <Protection/>
  </Style>
  <Style ss:ID="s62">
   <Alignment ss:Horizontal="Left" ss:Vertical="Top" ss:ShrinkToFit="1"
    ss:WrapText="1"/>
  </Style>
  <Style ss:ID="s63">
   <Alignment ss:Horizontal="Left" ss:Vertical="Top" ss:ShrinkToFit="1"
    ss:WrapText="1"/>
   <Font ss:FontName="Calibri" x:Family="Swiss" ss:Size="11" ss:Color="#000000"
    ss:Bold="1"/>
  </Style>
  <Style ss:ID="s64">
   <Alignment ss:Horizontal="Left" ss:Vertical="Top" ss:ShrinkToFit="1"
    ss:WrapText="1"/>
   <Borders>
    <Border ss:Position="Bottom" ss:LineStyle="Continuous" ss:Weight="1"/>
   </Borders>
   <Font ss:FontName="Calibri" x:Family="Swiss" ss:Size="11" ss:Color="#000000"
    ss:Bold="1"/>
   <Interior ss:Color="#EEECE1" ss:Pattern="Solid"/>
  </Style>
  <Style ss:ID="s65">
   <Alignment ss:Horizontal="Left" ss:Vertical="Top" ss:ShrinkToFit="1"
    ss:WrapText="1"/>
   <Interior ss:Color="#F2F2F2" ss:Pattern="Solid"/>
  </Style>
  <Style ss:ID="s67">
   <Alignment ss:Horizontal="Left" ss:Vertical="Top" ss:ShrinkToFit="1"
    ss:WrapText="1"/>
   <Borders/>
   <Font ss:FontName="Calibri" x:Family="Swiss" ss:Size="11" ss:Color="#000000"/>
   <Interior/>
   <NumberFormat/>
   <Protection/>
  </Style>
  <Style ss:ID="s68">
   <Alignment ss:Vertical="Bottom" ss:ShrinkToFit="1" ss:WrapText="1"/>
  </Style>
 </Styles>
 <Worksheet ss:Name="Data Elements">
  <Names>
   <NamedRange ss:Name="_FilterDatabase" ss:RefersTo="='Data Elements'!R1C1:R7C15"
    ss:Hidden="1"/>
  </Names>
  <Table ss:ExpandedColumnCount="15" ss:ExpandedRowCount="8" x:FullColumns="1"
   x:FullRows="1" ss:StyleID="s62" ss:DefaultRowHeight="15">
   <Column ss:StyleID="s63" ss:AutoFitWidth="0" ss:Width="150.75"/>
   <Column ss:StyleID="s62" ss:AutoFitWidth="0" ss:Width="56.25"/>
   <Column ss:StyleID="s62" ss:AutoFitWidth="0" ss:Width="36.75"/>
   <Column ss:StyleID="s62" ss:AutoFitWidth="0" ss:Width="35.25"/>
   <Column ss:StyleID="s62" ss:AutoFitWidth="0" ss:Width="56.25"/>
   <Column ss:StyleID="s62" ss:AutoFitWidth="0" ss:Width="82.5"/>
   <Column ss:StyleID="s62" ss:AutoFitWidth="0" ss:Width="213.75" ss:Span="1"/>
   <Column ss:Index="9" ss:StyleID="s62" ss:AutoFitWidth="0" ss:Width="161.25"
    ss:Span="1"/>
   <Column ss:Index="11" ss:StyleID="s62" ss:AutoFitWidth="0" ss:Width="198.75"/>
   <Column ss:StyleID="s62" ss:AutoFitWidth="0" ss:Width="135"/>
   <Row ss:AutoFitHeight="0" ss:Height="30" ss:StyleID="s64">
    <Cell><Data ss:Type="String">Element</Data><NamedCell ss:Name="_FilterDatabase"/></Cell>
    <Cell><Data ss:Type="String">Card.</Data><NamedCell ss:Name="_FilterDatabase"/></Cell>
    <Cell><Data ss:Type="String">Inv.</Data><NamedCell ss:Name="_FilterDatabase"/></Cell>
    <Cell><Data ss:Type="String">Must Understand</Data><NamedCell
      ss:Name="_FilterDatabase"/></Cell>
    <Cell><Data ss:Type="String">Type</Data><NamedCell ss:Name="_FilterDatabase"/></Cell>
    <Cell><Data ss:Type="String">Concept Domain</Data><NamedCell
      ss:Name="_FilterDatabase"/></Cell>
    <Cell><Data ss:Type="String">Short Name</Data><NamedCell
      ss:Name="_FilterDatabase"/></Cell>
    <Cell><Data ss:Type="String">Definition</Data><NamedCell
      ss:Name="_FilterDatabase"/></Cell>
    <Cell><Data ss:Type="String">Example</Data><NamedCell ss:Name="_FilterDatabase"/></Cell>
    <Cell><Data ss:Type="String">Requirements</Data><NamedCell
      ss:Name="_FilterDatabase"/></Cell>
    <Cell><Data ss:Type="String">Comments</Data><NamedCell
      ss:Name="_FilterDatabase"/></Cell>
    <Cell><Data ss:Type="String">RIM Mapping</Data><NamedCell
      ss:Name="_FilterDatabase"/></Cell>
    <Cell><Data ss:Type="String">v2 Mapping</Data><NamedCell
      ss:Name="_FilterDatabase"/></Cell>
    <Cell><Data ss:Type="String">To Do</Data><NamedCell ss:Name="_FilterDatabase"/></Cell>
    <Cell><Data ss:Type="String">Committee Notes</Data><NamedCell
      ss:Name="_FilterDatabase"/></Cell>
   </Row>
   <Row ss:AutoFitHeight="0" ss:Height="90">
    <Cell><Data ss:Type="String">Coding</Data><NamedCell ss:Name="_FilterDatabase"/></Cell>
    <Cell ss:StyleID="s65"><NamedCell ss:Name="_FilterDatabase"/></Cell>
    <Cell ss:StyleID="s65"><NamedCell ss:Name="_FilterDatabase"/></Cell>
    <Cell ss:StyleID="s65"><NamedCell ss:Name="_FilterDatabase"/></Cell>
    <Cell><Data ss:Type="String">Type</Data><NamedCell ss:Name="_FilterDatabase"/></Cell>
    <Cell ss:Index="7"><Data ss:Type="String">A reference to a code defined by a terminology system </Data><NamedCell
      ss:Name="_FilterDatabase"/></Cell>
    <Cell><Data ss:Type="String">A reference to a code defined by a terminology system </Data><NamedCell
      ss:Name="_FilterDatabase"/></Cell>
    <Cell ss:Index="10"><Data ss:Type="String">References to codes are very common in healthcare models</Data><NamedCell
      ss:Name="_FilterDatabase"/></Cell>
    <Cell><Data ss:Type="String">Codes may be defined very casually in enumerations or code lists, up to very formal definitions such as SNOMED CT - see the V3 Core Principles for more information</Data><NamedCell
      ss:Name="_FilterDatabase"/></Cell>
    <Cell><Data ss:Type="String">CV</Data><NamedCell ss:Name="_FilterDatabase"/></Cell>
    <Cell><Data ss:Type="String">CE/CNE/CWE subset one of the sets of component 1-3 or 4-6</Data><NamedCell
      ss:Name="_FilterDatabase"/></Cell>
   </Row>
   <Row ss:AutoFitHeight="0" ss:Height="133.5">
    <Cell><Data ss:Type="String">Coding.system</Data><NamedCell
      ss:Name="_FilterDatabase"/></Cell>
    <Cell><Data ss:Type="String">0..1</Data><NamedCell ss:Name="_FilterDatabase"/></Cell>
    <Cell ss:Index="5"><Data ss:Type="String">uri</Data><NamedCell
      ss:Name="_FilterDatabase"/></Cell>
    <Cell ss:Index="7"><Data ss:Type="String">Identity of the terminology system </Data><NamedCell
      ss:Name="_FilterDatabase"/></Cell>
    <Cell><Data ss:Type="String">The identification of the code system that defines the meaning of the symbol in the code. </Data><NamedCell
      ss:Name="_FilterDatabase"/></Cell>
    <Cell ss:StyleID="Default"><NamedCell ss:Name="_FilterDatabase"/></Cell>
    <Cell><Data ss:Type="String">Need to be unambiguous about the source of the definition of the symbol</Data><NamedCell
      ss:Name="_FilterDatabase"/></Cell>
    <Cell><Data ss:Type="String">The URI may be an OID (urn:oid:...) or a UUID (urn:uuid:...).  OIDs and UUIDs SHALL be references to the HL7 OID registry. Otherwise, the URI should come from HL7's list of FHIR defined special URIs or it should de-reference to some definition that establish the system clearly and unambiguously</Data><NamedCell
      ss:Name="_FilterDatabase"/></Cell>
    <Cell><Data ss:Type="String">./codeSystem</Data><NamedCell
      ss:Name="_FilterDatabase"/></Cell>
    <Cell><Data ss:Type="String">C*E.3</Data><NamedCell ss:Name="_FilterDatabase"/></Cell>
    <Cell ss:StyleID="Default"><NamedCell ss:Name="_FilterDatabase"/></Cell>
    <Cell ss:StyleID="Default"><NamedCell ss:Name="_FilterDatabase"/></Cell>
   </Row>
   <Row ss:AutoFitHeight="0" ss:Height="133.5">
    <Cell><Data ss:Type="String">Coding.version</Data><NamedCell
      ss:Name="_FilterDatabase"/></Cell>
    <Cell><Data ss:Type="String">0..1</Data><NamedCell ss:Name="_FilterDatabase"/></Cell>
    <Cell ss:Index="5"><Data ss:Type="String">string</Data><NamedCell
      ss:Name="_FilterDatabase"/></Cell>
    <Cell ss:Index="7"><Data ss:Type="String">Version of the system - if relevant</Data><NamedCell
      ss:Name="_FilterDatabase"/></Cell>
    <Cell><Data ss:Type="String">The version of the code system which was used when choosing this code. Note that a well-maintained code system does not need the version reported, because the meaning of codes is consistent across versions. However this cannot consistently be assured. and When the meaning is not guaranteed to be consistent, the version SHOULD be exchanged</Data><NamedCell
      ss:Name="_FilterDatabase"/></Cell>
    <Cell ss:StyleID="Default"><NamedCell ss:Name="_FilterDatabase"/></Cell>
    <Cell ss:Index="12"><Data ss:Type="String">./codeSystemVersion</Data><NamedCell
      ss:Name="_FilterDatabase"/></Cell>
    <Cell><Data ss:Type="String">C*E.7</Data><NamedCell ss:Name="_FilterDatabase"/></Cell>
    <Cell ss:StyleID="Default"><NamedCell ss:Name="_FilterDatabase"/></Cell>
    <Cell ss:StyleID="Default"><NamedCell ss:Name="_FilterDatabase"/></Cell>
   </Row>
   <Row ss:AutoFitHeight="0" ss:Height="60">
    <Cell><Data ss:Type="String">Coding.code</Data><NamedCell
      ss:Name="_FilterDatabase"/></Cell>
    <Cell><Data ss:Type="String">0..1</Data><NamedCell ss:Name="_FilterDatabase"/></Cell>
    <Cell ss:Index="5"><Data ss:Type="String">code</Data><NamedCell
      ss:Name="_FilterDatabase"/></Cell>
    <Cell ss:Index="7"><Data ss:Type="String">Symbol in syntax defined by the system</Data><NamedCell
      ss:Name="_FilterDatabase"/></Cell>
    <Cell><Data ss:Type="String">A symbol in syntax defined by the system. The symbol may be a predefined code or an expression in a syntax defined by the coding system (e.g. post-coordination)</Data><NamedCell
      ss:Name="_FilterDatabase"/></Cell>
    <Cell ss:StyleID="Default"><NamedCell ss:Name="_FilterDatabase"/></Cell>
    <Cell><Data ss:Type="String">Need to refer to a particular code in the system</Data><NamedCell
      ss:Name="_FilterDatabase"/></Cell>
    <Cell ss:Index="12"><Data ss:Type="String">./code</Data><NamedCell
      ss:Name="_FilterDatabase"/></Cell>
    <Cell><Data ss:Type="String">C*E.1</Data><NamedCell ss:Name="_FilterDatabase"/></Cell>
    <Cell ss:StyleID="Default"><NamedCell ss:Name="_FilterDatabase"/></Cell>
    <Cell ss:StyleID="Default"><NamedCell ss:Name="_FilterDatabase"/></Cell>
   </Row>
   <Row ss:AutoFitHeight="0" ss:Height="60">
    <Cell><Data ss:Type="String">Coding.display</Data><NamedCell
      ss:Name="_FilterDatabase"/></Cell>
    <Cell><Data ss:Type="String">0..1</Data><NamedCell ss:Name="_FilterDatabase"/></Cell>
    <Cell ss:Index="5"><Data ss:Type="String">string</Data><NamedCell
      ss:Name="_FilterDatabase"/></Cell>
    <Cell ss:Index="7"><Data ss:Type="String">Representation defined by the system</Data><NamedCell
      ss:Name="_FilterDatabase"/></Cell>
    <Cell><Data ss:Type="String">A representation of the meaning of the code in the system, following the rules of the system. </Data><NamedCell
      ss:Name="_FilterDatabase"/></Cell>
    <Cell ss:StyleID="Default"><NamedCell ss:Name="_FilterDatabase"/></Cell>
    <Cell><Data ss:Type="String">Need to be able to carry a human-readable meaning of the code for readers that do not know  the system</Data><NamedCell
      ss:Name="_FilterDatabase"/></Cell>
    <Cell ss:StyleID="Default"><NamedCell ss:Name="_FilterDatabase"/></Cell>
    <Cell><Data ss:Type="String">CV.displayName</Data><NamedCell
      ss:Name="_FilterDatabase"/></Cell>
    <Cell ss:StyleID="s67"><Data ss:Type="String">C*E.2 - but note this is not well followed</Data><NamedCell
      ss:Name="_FilterDatabase"/></Cell>
    <Cell ss:Index="15" ss:StyleID="Default"><NamedCell ss:Name="_FilterDatabase"/></Cell>
   </Row>
   <Row ss:AutoFitHeight="0">
    <Cell><Data ss:Type="String">Coding.primary</Data><NamedCell
      ss:Name="_FilterDatabase"/></Cell>
    <Cell><Data ss:Type="String">0..1</Data><NamedCell ss:Name="_FilterDatabase"/></Cell>
    <Cell ss:Index="5"><Data ss:Type="String">boolean</Data><NamedCell
      ss:Name="_FilterDatabase"/></Cell>
    <Cell ss:Index="7"><Data ss:Type="String">If this code was chosen directly by the user</Data><NamedCell
      ss:Name="_FilterDatabase"/></Cell>
    <Cell><Data ss:Type="String">Indicates that this code was chosen by a user directly - i.e. off a pick list of available items (codes or displays)</Data><NamedCell
      ss:Name="_FilterDatabase"/></Cell>
    <Cell ss:Index="10"><Data ss:Type="String">This has been identified as a clinical safety criterium - that this exact code was chosen explicitly, rather than inferred by the system based on some rules or language processing</Data><NamedCell
      ss:Name="_FilterDatabase"/></Cell>
    <Cell><Data ss:Type="String">Amongst a set of alternatives, a directly chosen code is the most appropriate starting point for new translations</Data><NamedCell
      ss:Name="_FilterDatabase"/></Cell>
    <Cell><Data ss:Type="String">CD.codingRationale</Data><NamedCell
      ss:Name="_FilterDatabase"/></Cell>
    <Cell><Data ss:Type="String">Sometimes implied by being first</Data><NamedCell
      ss:Name="_FilterDatabase"/></Cell>
   </Row>
   <Row ss:AutoFitHeight="0">
    <Cell><Data ss:Type="String">Coding.valueSet</Data></Cell>
    <Cell><Data ss:Type="String">0..1</Data></Cell>
    <Cell ss:Index="5"><Data ss:Type="String">Resource(ValueSet)</Data></Cell>
    <Cell ss:Index="7"><Data ss:Type="String">Set this coding was chosen from</Data></Cell>
    <Cell><Data ss:Type="String">The set of possible coded values this coding was chosen from or constrained by</Data></Cell>
    <Cell ss:Index="10"><Data ss:Type="String">The value set may influence the codes that the user can select. Also, referencing the value set directly makes it easier to share ad-hoc code systems used across healthcare</Data></Cell>
    <Cell ss:Index="12"><Data ss:Type="String">CD.valueSet / CD.valueSetVersion</Data></Cell>
    <Cell><Data ss:Type="String">C*E.16 - .19</Data></Cell>
   </Row>
  </Table>
  <WorksheetOptions xmlns="urn:schemas-microsoft-com:office:excel">
   <PageSetup>
    <Header x:Margin="0.3"/>
    <Footer x:Margin="0.3"/>
    <PageMargins x:Bottom="0.75" x:Left="0.7" x:Right="0.7" x:Top="0.75"/>
   </PageSetup>
   <Unsynced/>
   <Selected/>
   <Panes>
    <Pane>
     <Number>3</Number>
     <ActiveRow>8</ActiveRow>
     <ActiveCol>9</ActiveCol>
    </Pane>
   </Panes>
   <ProtectObjects>False</ProtectObjects>
   <ProtectScenarios>False</ProtectScenarios>
  </WorksheetOptions>
 </Worksheet>
 <Worksheet ss:Name="Invariants">
  <Table ss:ExpandedColumnCount="6" ss:ExpandedRowCount="2" x:FullColumns="1"
   x:FullRows="1" ss:StyleID="s68" ss:DefaultRowHeight="15">
   <Column ss:Index="3" ss:StyleID="s68" ss:AutoFitWidth="0" ss:Width="185.25"/>
   <Column ss:StyleID="s68" ss:AutoFitWidth="0" ss:Width="342.75"/>
   <Column ss:StyleID="s68" ss:AutoFitWidth="0" ss:Width="267.75"/>
   <Column ss:StyleID="s68" ss:AutoFitWidth="0" ss:Width="305.25"/>
   <Row ss:AutoFitHeight="0" ss:StyleID="s64">
    <Cell><Data ss:Type="String">Id</Data></Cell>
    <Cell><Data ss:Type="String">Context</Data></Cell>
    <Cell><Data ss:Type="String">Name</Data></Cell>
    <Cell><Data ss:Type="String">English</Data></Cell>
    <Cell><Data ss:Type="String">OCL</Data></Cell>
    <Cell><Data ss:Type="String">XPath</Data></Cell>
   </Row>
   <Row ss:AutoFitHeight="0">
    <Cell><Data ss:Type="Number">1</Data></Cell>
    <Cell><Data ss:Type="String">Coding</Data></Cell>
    <Cell><Data ss:Type="String">Value set doesn't substitute for system</Data></Cell>
    <Cell><Data ss:Type="String">If a valueSet is provided, a system URI Is required</Data></Cell>
    <Cell ss:Index="6"><Data ss:Type="String">not (exists(f:valueSet) and exists(f:code)) or exists(f:system)</Data></Cell>
   </Row>
  </Table>
  <WorksheetOptions xmlns="urn:schemas-microsoft-com:office:excel">
   <PageSetup>
    <Header x:Margin="0.3"/>
    <Footer x:Margin="0.3"/>
    <PageMargins x:Bottom="0.75" x:Left="0.7" x:Right="0.7" x:Top="0.75"/>
   </PageSetup>
   <Unsynced/>
   <Panes>
    <Pane>
     <Number>3</Number>
     <ActiveRow>1</ActiveRow>
     <ActiveCol>3</ActiveCol>
    </Pane>
   </Panes>
   <ProtectObjects>False</ProtectObjects>
   <ProtectScenarios>False</ProtectScenarios>
  </WorksheetOptions>
 </Worksheet>
</Workbook>
