<?xml version="1.0"?>
<?mso-application progid="Excel.Sheet"?>
<Workbook xmlns="urn:schemas-microsoft-com:office:spreadsheet"
 xmlns:o="urn:schemas-microsoft-com:office:office"
 xmlns:x="urn:schemas-microsoft-com:office:excel"
 xmlns:ss="urn:schemas-microsoft-com:office:spreadsheet"
 xmlns:html="http://www.w3.org/TR/REC-html40">
 <DocumentProperties xmlns="urn:schemas-microsoft-com:office:office">
  <Author>Grahame</Author>
  <LastAuthor>Grahame</LastAuthor>
  <Created>2012-03-19T11:23:53Z</Created>
  <Version>14.00</Version>
 </DocumentProperties>
 <OfficeDocumentSettings xmlns="urn:schemas-microsoft-com:office:office">
  <AllowPNG/>
 </OfficeDocumentSettings>
 <ExcelWorkbook xmlns="urn:schemas-microsoft-com:office:excel">
  <WindowHeight>9075</WindowHeight>
  <WindowWidth>25335</WindowWidth>
  <WindowTopX>2790</WindowTopX>
  <WindowTopY>3195</WindowTopY>
  <ProtectStructure>False</ProtectStructure>
  <ProtectWindows>False</ProtectWindows>
 </ExcelWorkbook>
 <Styles>
  <Style ss:ID="Default" ss:Name="Normal">
   <Alignment ss:Vertical="Bottom"/>
   <Borders/>
   <Font ss:FontName="Calibri" x:Family="Swiss" ss:Size="11" ss:Color="#000000"/>
   <Interior/>
   <NumberFormat/>
   <Protection/>
  </Style>
  <Style ss:ID="s62" ss:Name="Normal 2">
   <Alignment ss:Vertical="Bottom"/>
   <Borders/>
   <Font ss:FontName="Calibri" x:Family="Swiss" ss:Size="11" ss:Color="#000000"/>
   <Interior/>
   <NumberFormat/>
   <Protection/>
  </Style>
  <Style ss:ID="s63">
   <Alignment ss:Horizontal="Left" ss:Vertical="Top" ss:ShrinkToFit="1"
    ss:WrapText="1"/>
  </Style>
  <Style ss:ID="s64">
   <Alignment ss:Horizontal="Left" ss:Vertical="Top" ss:ShrinkToFit="1"
    ss:WrapText="1"/>
   <Font ss:FontName="Calibri" x:Family="Swiss" ss:Size="11" ss:Color="#000000"
    ss:Bold="1"/>
  </Style>
  <Style ss:ID="s65">
   <Alignment ss:Horizontal="Left" ss:Vertical="Top" ss:ShrinkToFit="1"
    ss:WrapText="1"/>
   <Borders>
    <Border ss:Position="Bottom" ss:LineStyle="Continuous" ss:Weight="1"/>
   </Borders>
   <Font ss:FontName="Calibri" x:Family="Swiss" ss:Size="11" ss:Color="#000000"
    ss:Bold="1"/>
   <Interior ss:Color="#EEECE1" ss:Pattern="Solid"/>
  </Style>
  <Style ss:ID="s66">
   <Alignment ss:Horizontal="Left" ss:Vertical="Top" ss:ShrinkToFit="1"
    ss:WrapText="1"/>
   <Interior ss:Color="#F2F2F2" ss:Pattern="Solid"/>
  </Style>
  <Style ss:ID="s67">
   <Alignment ss:Vertical="Top" ss:ShrinkToFit="1" ss:WrapText="1"/>
  </Style>
  <Style ss:ID="s68">
   <Alignment ss:Vertical="Top" ss:WrapText="1"/>
   <Borders/>
   <Font ss:FontName="Calibri" x:Family="Swiss" ss:Size="11" ss:Color="#000000"/>
   <Interior/>
   <NumberFormat/>
   <Protection/>
  </Style>
  <Style ss:ID="s69">
   <Alignment ss:Vertical="Bottom" ss:WrapText="1"/>
  </Style>
  <Style ss:ID="s70">
   <Font ss:FontName="Verdana" x:Family="Swiss" ss:Size="9" ss:Color="#333333"/>
  </Style>
  <Style ss:ID="s71">
   <Font ss:FontName="Calibri" x:Family="Swiss" ss:Size="11" ss:Color="#000000"/>
  </Style>
  <Style ss:ID="s72">
   <Alignment ss:Vertical="Top" ss:WrapText="1"/>
  </Style>
  <Style ss:ID="s74" ss:Parent="s62">
   <Alignment ss:Vertical="Top" ss:WrapText="1"/>
   <Borders/>
   <Font ss:FontName="Calibri" x:Family="Swiss" ss:Size="11" ss:Color="#000000"/>
   <Interior/>
   <NumberFormat/>
   <Protection/>
  </Style>
 </Styles>
 <Worksheet ss:Name="Data Elements">
  <Table ss:ExpandedColumnCount="15" ss:ExpandedRowCount="6" x:FullColumns="1"
   x:FullRows="1" ss:StyleID="s63" ss:DefaultRowHeight="15">
   <Column ss:StyleID="s64" ss:AutoFitWidth="0" ss:Width="79.5"/>
   <Column ss:StyleID="s63" ss:AutoFitWidth="0" ss:Width="33" ss:Span="1"/>
   <Column ss:Index="4" ss:StyleID="s63" ss:AutoFitWidth="0" ss:Width="36"/>
   <Column ss:StyleID="s63" ss:AutoFitWidth="0" ss:Width="57"/>
   <Column ss:StyleID="s63" ss:AutoFitWidth="0" ss:Width="77.25"/>
   <Column ss:StyleID="s63" ss:AutoFitWidth="0" ss:Width="213.75" ss:Span="1"/>
   <Column ss:Index="9" ss:StyleID="s63" ss:AutoFitWidth="0" ss:Width="161.25"
    ss:Span="1"/>
   <Column ss:Index="11" ss:StyleID="s63" ss:AutoFitWidth="0" ss:Width="135"
    ss:Span="2"/>
   <Row ss:AutoFitHeight="0" ss:Height="30" ss:StyleID="s65">
    <Cell><Data ss:Type="String">Element</Data></Cell>
    <Cell><Data ss:Type="String">Card.</Data></Cell>
    <Cell><Data ss:Type="String">Inv.</Data></Cell>
    <Cell><Data ss:Type="String">Is Modifier</Data></Cell>
    <Cell><Data ss:Type="String">Type</Data></Cell>
    <Cell><Data ss:Type="String">Binding</Data></Cell>
    <Cell><Data ss:Type="String">Short Name</Data></Cell>
    <Cell><Data ss:Type="String">Definition</Data></Cell>
    <Cell><Data ss:Type="String">Requirements</Data></Cell>
    <Cell><Data ss:Type="String">Comments</Data></Cell>
    <Cell><Data ss:Type="String">RIM Mapping</Data></Cell>
    <Cell><Data ss:Type="String">v2 Mapping</Data></Cell>
    <Cell><Data ss:Type="String">ServD Mapping</Data></Cell>
    <Cell><Data ss:Type="String">To Do</Data></Cell>
    <Cell><Data ss:Type="String">Committee Notes</Data></Cell>
   </Row>
   <Row ss:AutoFitHeight="0" ss:Height="45">
    <Cell><Data ss:Type="String">Contact</Data></Cell>
    <Cell ss:StyleID="s66"/>
    <Cell ss:StyleID="s66"/>
    <Cell ss:StyleID="s66"/>
    <Cell><Data ss:Type="String">Structure</Data></Cell>
    <Cell ss:Index="7"><Data ss:Type="String">Technology mediated contact details (phone, fax, email, etc)</Data></Cell>
    <Cell><Data ss:Type="String">All kinds of technology mediated contact details for a person or organization, including telephone, email, etc.</Data></Cell>
    <Cell><Data ss:Type="String">Need to track phone, fax, mobile, sms numbers, email addresses, twitter tags, etc.</Data></Cell>
    <Cell ss:Index="11"><Data ss:Type="String">TEL</Data></Cell>
    <Cell><Data ss:Type="String">XTN</Data></Cell>
    <Cell><Data ss:Type="String">ContactPoint</Data></Cell>
   </Row>
   <Row ss:AutoFitHeight="0" ss:Height="42.75">
    <Cell><Data ss:Type="String">Contact.system</Data></Cell>
    <Cell><Data ss:Type="String">0..1</Data></Cell>
    <Cell><Data ss:Type="Number">2</Data></Cell>
    <Cell ss:Index="5"><Data ss:Type="String">code</Data></Cell>
    <Cell><Data ss:Type="String">ContactSystem</Data></Cell>
    <Cell><Data ss:Type="String">phone | fax | email | url</Data></Cell>
    <Cell><Data ss:Type="String">Telecommunications form for contact - what communications system is required to make use of the contact</Data></Cell>
    <Cell ss:Index="11"><Data ss:Type="String">./scheme</Data></Cell>
    <Cell><Data ss:Type="String">XTN.3</Data></Cell>
    <Cell><Data ss:Type="String">./ContactPointType</Data></Cell>
   </Row>
   <Row ss:AutoFitHeight="0" ss:Height="75">
    <Cell><Data ss:Type="String">Contact.value</Data></Cell>
    <Cell><Data ss:Type="String">0..1</Data></Cell>
    <Cell ss:Index="5"><Data ss:Type="String">string</Data></Cell>
    <Cell ss:Index="7"><Data ss:Type="String">The actual contact details</Data></Cell>
    <Cell><Data ss:Type="String">The actual contact details, in a form that is meaningful to the designated communication system (i.e. phone number or email address).</Data></Cell>
    <Cell><Data ss:Type="String">Need to support legacy numbers that are not in a tightly controlled format </Data></Cell>
    <Cell><Data ss:Type="String">Additional out of band data such as extensions, or notes about use of the contact are sometimes included in the value</Data></Cell>
    <Cell><Data ss:Type="String">./url</Data></Cell>
    <Cell><Data ss:Type="String">XTN.1 (or XTN.12)</Data></Cell>
    <Cell><Data ss:Type="String">./Value</Data></Cell>
   </Row>
   <Row ss:AutoFitHeight="0" ss:Height="60">
    <Cell><Data ss:Type="String">Contact.use</Data></Cell>
    <Cell><Data ss:Type="String">0..1</Data></Cell>
    <Cell ss:Index="4"><Data ss:Type="String">Y</Data></Cell>
    <Cell><Data ss:Type="String">code</Data></Cell>
    <Cell><Data ss:Type="String">ContactUse</Data></Cell>
    <Cell><Data ss:Type="String">home | work | temp | old | mobile - purpose of this address</Data></Cell>
    <Cell><Data ss:Type="String">Identifies the purpose for the address</Data></Cell>
    <Cell><Data ss:Type="String">Need to track the way a person uses this contact, so a user can choose which is appropriate for their purpose</Data></Cell>
    <Cell><Data ss:Type="String">This is labeled as &quot;Is Modifier&quot; because applications should not mistake a temporary or old contact etc for a current/permanent one. Applications can assume that a contact is current unless it explicitly says that it is temporary or old</Data></Cell>
    <Cell><Data ss:Type="String">unique(./use)</Data></Cell>
    <Cell><Data ss:Type="String">XTN.2 - but often indicated by field</Data></Cell>
    <Cell><Data ss:Type="String">./ContactPointPurpose</Data></Cell>
   </Row>
   <Row ss:AutoFitHeight="0" ss:Height="45">
    <Cell><Data ss:Type="String">Contact.period</Data></Cell>
    <Cell><Data ss:Type="String">0..1</Data></Cell>
    <Cell ss:Index="5"><Data ss:Type="String">Period</Data></Cell>
    <Cell ss:Index="7"><Data ss:Type="String">Time period when the contact was/is in use</Data></Cell>
    <Cell><Data ss:Type="String">Time period when the contact was/is in use</Data></Cell>
    <Cell ss:Index="11"><Data ss:Type="String">./useablePeriod[type=&quot;IVL&lt;TS&gt;&quot;]</Data></Cell>
    <Cell><Data ss:Type="String">N/A</Data></Cell>
    <Cell><Data ss:Type="String">./StartDate and ./EndDate</Data></Cell>
   </Row>
  </Table>
  <WorksheetOptions xmlns="urn:schemas-microsoft-com:office:excel">
   <PageSetup>
    <Header x:Margin="0.3"/>
    <Footer x:Margin="0.3"/>
    <PageMargins x:Bottom="0.75" x:Left="0.7" x:Right="0.7" x:Top="0.75"/>
   </PageSetup>
   <Unsynced/>
   <Selected/>
   <Panes>
    <Pane>
     <Number>3</Number>
     <ActiveRow>4</ActiveRow>
     <ActiveCol>9</ActiveCol>
    </Pane>
   </Panes>
   <ProtectObjects>False</ProtectObjects>
   <ProtectScenarios>False</ProtectScenarios>
  </WorksheetOptions>
 </Worksheet>
 <Worksheet ss:Name="Invariants">
  <Table ss:ExpandedColumnCount="6" ss:ExpandedRowCount="2" x:FullColumns="1"
   x:FullRows="1" ss:StyleID="s67" ss:DefaultColumnWidth="330"
   ss:DefaultRowHeight="15">
   <Column ss:StyleID="s67" ss:AutoFitWidth="0" ss:Width="33.75"/>
   <Column ss:StyleID="s67" ss:AutoFitWidth="0" ss:Width="136.5" ss:Span="1"/>
   <Row ss:AutoFitHeight="0" ss:StyleID="s65">
    <Cell><Data ss:Type="String">Id</Data></Cell>
    <Cell><Data ss:Type="String">Name</Data></Cell>
    <Cell><Data ss:Type="String">Context</Data></Cell>
    <Cell><Data ss:Type="String">English</Data></Cell>
    <Cell><Data ss:Type="String">OCL</Data></Cell>
    <Cell><Data ss:Type="String">XPath</Data></Cell>
   </Row>
   <Row ss:AutoFitHeight="0">
    <Cell><Data ss:Type="Number">2</Data></Cell>
    <Cell><Data ss:Type="String">System is required</Data></Cell>
    <Cell><Data ss:Type="String">Contact</Data></Cell>
    <Cell ss:StyleID="s68"><ss:Data ss:Type="String"
      xmlns="http://www.w3.org/TR/REC-html40"><Font html:Color="#000000">A </Font><I><Font
        html:Color="#000000">system</Font></I><Font html:Color="#000000"> is required if a </Font><I><Font
        html:Color="#000000">value</Font></I><Font html:Color="#000000"> is provided.</Font></ss:Data></Cell>
    <Cell><Data ss:Type="String">value.oclIsDefined implies system.oclIsDefined</Data></Cell>
    <Cell><Data ss:Type="String">not(exists(f:value)) or exists(f:system)</Data></Cell>
   </Row>
  </Table>
  <WorksheetOptions xmlns="urn:schemas-microsoft-com:office:excel">
   <PageSetup>
    <Header x:Margin="0.3"/>
    <Footer x:Margin="0.3"/>
    <PageMargins x:Bottom="0.75" x:Left="0.7" x:Right="0.7" x:Top="0.75"/>
   </PageSetup>
   <Unsynced/>
   <Panes>
    <Pane>
     <Number>3</Number>
     <ActiveRow>1</ActiveRow>
     <RangeSelection>R2</RangeSelection>
    </Pane>
   </Panes>
   <ProtectObjects>False</ProtectObjects>
   <ProtectScenarios>False</ProtectScenarios>
  </WorksheetOptions>
 </Worksheet>
 <Worksheet ss:Name="Bindings">
  <Table ss:ExpandedColumnCount="7" ss:ExpandedRowCount="3" x:FullColumns="1"
   x:FullRows="1" ss:DefaultRowHeight="15">
   <Column ss:AutoFitWidth="0" ss:Width="97.5"/>
   <Column ss:AutoFitWidth="0" ss:Width="164.25"/>
   <Column ss:AutoFitWidth="0" ss:Width="54.75"/>
   <Column ss:AutoFitWidth="0" ss:Width="135.75"/>
   <Column ss:AutoFitWidth="0" ss:Width="242.25"/>
   <Row ss:AutoFitHeight="0">
    <Cell ss:StyleID="s65"><Data ss:Type="String">Binding Name</Data></Cell>
    <Cell ss:StyleID="s65"><Data ss:Type="String">Definition</Data></Cell>
    <Cell ss:StyleID="s65"><Data ss:Type="String">Binding</Data></Cell>
    <Cell ss:StyleID="s65"><Data ss:Type="String">Reference</Data></Cell>
    <Cell ss:StyleID="s65"><Data ss:Type="String">Description</Data></Cell>
    <Cell ss:StyleID="s65"><Data ss:Type="String">v2</Data></Cell>
    <Cell ss:StyleID="s65"><Data ss:Type="String">v3</Data></Cell>
   </Row>
   <Row ss:AutoFitHeight="0">
    <Cell ss:StyleID="s69"><Data ss:Type="String">ContactSystem</Data></Cell>
    <Cell ss:StyleID="s69"><Data ss:Type="String">Telecommunications form for contact</Data></Cell>
    <Cell ss:StyleID="s69"><Data ss:Type="String">code list</Data></Cell>
    <Cell ss:StyleID="s69"><Data ss:Type="String">#contact-system</Data></Cell>
    <Cell ss:Index="6" ss:StyleID="s70"><Data ss:Type="String">http://hl7.org/fhir/v2/vs/0202</Data></Cell>
   </Row>
   <Row ss:AutoFitHeight="0">
    <Cell ss:StyleID="s69"><Data ss:Type="String">ContactUse</Data></Cell>
    <Cell ss:StyleID="s71"><Data ss:Type="String">Location, type or status of telecommunications address indicating use</Data></Cell>
    <Cell ss:StyleID="s69"><Data ss:Type="String">code list</Data></Cell>
    <Cell ss:StyleID="s69"><Data ss:Type="String">#contact-use</Data></Cell>
    <Cell ss:Index="6"><Data ss:Type="String">http://hl7.org/fhir/v2/vs/0201</Data></Cell>
    <Cell ss:StyleID="s70"><Data ss:Type="String">http://hl7.org/fhir/v3/vs/AddressUse</Data></Cell>
   </Row>
  </Table>
  <WorksheetOptions xmlns="urn:schemas-microsoft-com:office:excel">
   <PageSetup>
    <Header x:Margin="0.3"/>
    <Footer x:Margin="0.3"/>
    <PageMargins x:Bottom="0.75" x:Left="0.7" x:Right="0.7" x:Top="0.75"/>
   </PageSetup>
   <Unsynced/>
   <Print>
    <ValidPrinterInfo/>
    <PaperSizeIndex>9</PaperSizeIndex>
    <HorizontalResolution>300</HorizontalResolution>
    <VerticalResolution>300</VerticalResolution>
   </Print>
   <Panes>
    <Pane>
     <Number>3</Number>
     <ActiveRow>4</ActiveRow>
     <ActiveCol>6</ActiveCol>
    </Pane>
   </Panes>
   <ProtectObjects>False</ProtectObjects>
   <ProtectScenarios>False</ProtectScenarios>
  </WorksheetOptions>
 </Worksheet>
 <Worksheet ss:Name="contact-use">
  <Table ss:ExpandedColumnCount="7" ss:ExpandedRowCount="6" x:FullColumns="1"
   x:FullRows="1" ss:StyleID="s72" ss:DefaultRowHeight="15">
   <Column ss:Index="2" ss:StyleID="s72" ss:AutoFitWidth="0" ss:Width="86.25"/>
   <Column ss:StyleID="s72" ss:AutoFitWidth="0" ss:Width="511.5"/>
   <Row ss:AutoFitHeight="0">
    <Cell ss:StyleID="s65"><Data ss:Type="String">Id</Data></Cell>
    <Cell ss:StyleID="s65"><Data ss:Type="String">Code</Data></Cell>
    <Cell ss:StyleID="s65"><Data ss:Type="String">Definition</Data></Cell>
    <Cell ss:StyleID="s65"><Data ss:Type="String">v2</Data></Cell>
    <Cell ss:StyleID="s65"><Data ss:Type="String">v3</Data></Cell>
    <Cell ss:StyleID="s65"/>
    <Cell ss:StyleID="s65"/>
   </Row>
   <Row ss:AutoFitHeight="0" ss:Height="45">
    <Cell><Data ss:Type="Number">1</Data></Cell>
    <Cell ss:StyleID="s74"><Data ss:Type="String">home</Data></Cell>
    <Cell ss:StyleID="s74"><Data ss:Type="String">A communication contact at a home; attempted contacts for business purposes might intrude privacy and chances are one will contact family or other household members instead of the person one wishes to call. Typically used with urgent cases, or if no other contacts are available.</Data></Cell>
    <Cell><Data ss:Type="String" x:Ticked="1">&gt;0201.PRN,&gt;0201.ORN,&gt;0201.VHN</Data></Cell>
    <Cell><Data ss:Type="String" x:Ticked="1">=AddressUse.H</Data></Cell>
   </Row>
   <Row ss:AutoFitHeight="0">
    <Cell><Data ss:Type="Number">2</Data></Cell>
    <Cell ss:StyleID="s74"><Data ss:Type="String">work</Data></Cell>
    <Cell ss:StyleID="s74"><Data ss:Type="String">An office contact. First choice for business related contacts during business hours.</Data></Cell>
    <Cell><Data ss:Type="String">~0201.WPN</Data></Cell>
    <Cell><Data ss:Type="String" x:Ticked="1">=AddressUse.WP</Data></Cell>
   </Row>
   <Row ss:AutoFitHeight="0">
    <Cell><Data ss:Type="Number">3</Data></Cell>
    <Cell ss:StyleID="s74"><Data ss:Type="String">temp</Data></Cell>
    <Cell ss:StyleID="s74"><Data ss:Type="String">A temporary contact. The period can provide more detailed information.</Data></Cell>
    <Cell ss:Index="5"><Data ss:Type="String" x:Ticked="1">=AddressUse.TMP</Data></Cell>
   </Row>
   <Row ss:AutoFitHeight="0">
    <Cell><Data ss:Type="Number">4</Data></Cell>
    <Cell ss:StyleID="s74"><Data ss:Type="String">old</Data></Cell>
    <Cell ss:StyleID="s74"><Data ss:Type="String">This contact is no longer in use (or was never correct, but retained for records)</Data></Cell>
    <Cell ss:Index="5"><Data ss:Type="String" x:Ticked="1">&gt;AddressUse.OLD,&gt;AddressUse.BAD</Data></Cell>
   </Row>
   <Row ss:AutoFitHeight="0" ss:Height="30">
    <Cell><Data ss:Type="Number">5</Data></Cell>
    <Cell ss:StyleID="s74"><Data ss:Type="String">mobile</Data></Cell>
    <Cell ss:StyleID="s74"><Data ss:Type="String">A telecommunication device that moves and stays with its owner. May have characteristics of all other use codes, suitable for urgent matters, not the first choice for routine business</Data></Cell>
    <Cell><Data ss:Type="String">~0201.PRS</Data></Cell>
    <Cell><Data ss:Type="String" x:Ticked="1">=AddressUse.MC</Data></Cell>
   </Row>
  </Table>
  <WorksheetOptions xmlns="urn:schemas-microsoft-com:office:excel">
   <PageSetup>
    <Header x:Margin="0.3"/>
    <Footer x:Margin="0.3"/>
    <PageMargins x:Bottom="0.75" x:Left="0.7" x:Right="0.7" x:Top="0.75"/>
   </PageSetup>
   <Unsynced/>
   <Panes>
    <Pane>
     <Number>3</Number>
     <ActiveRow>1</ActiveRow>
     <ActiveCol>1</ActiveCol>
     <RangeSelection>R2C2:R6C2</RangeSelection>
    </Pane>
   </Panes>
   <ProtectObjects>False</ProtectObjects>
   <ProtectScenarios>False</ProtectScenarios>
  </WorksheetOptions>
 </Worksheet>
 <Worksheet ss:Name="contact-system">
  <Table ss:ExpandedColumnCount="7" ss:ExpandedRowCount="5" x:FullColumns="1"
   x:FullRows="1" ss:StyleID="s72" ss:DefaultRowHeight="15">
   <Column ss:Index="3" ss:StyleID="s72" ss:AutoFitWidth="0" ss:Width="491.25"/>
   <Row ss:AutoFitHeight="0">
    <Cell><Data ss:Type="String">Id</Data></Cell>
    <Cell ss:StyleID="s65"><Data ss:Type="String">Code</Data></Cell>
    <Cell ss:StyleID="s65"><Data ss:Type="String">Definition</Data></Cell>
    <Cell ss:StyleID="s65"><Data ss:Type="String">v2</Data></Cell>
    <Cell ss:StyleID="s65"/>
    <Cell ss:StyleID="s65"/>
    <Cell ss:StyleID="s65"/>
   </Row>
   <Row ss:AutoFitHeight="0" ss:Height="30">
    <Cell><Data ss:Type="Number">1</Data></Cell>
    <Cell ss:StyleID="s74"><Data ss:Type="String">phone</Data></Cell>
    <Cell ss:StyleID="s74"><Data ss:Type="String">The value is a telephone number used for voice calls. Use of full international numbers starting with + is recommended to enable automatic dialing support but not required.</Data></Cell>
    <Cell><Data ss:Type="String">~0202.PH</Data></Cell>
   </Row>
   <Row ss:AutoFitHeight="0" ss:Height="30">
    <Cell><Data ss:Type="Number">2</Data></Cell>
    <Cell ss:StyleID="s74"><Data ss:Type="String">fax</Data></Cell>
    <Cell ss:StyleID="s74"><Data ss:Type="String">The value is a fax machine. Use of full international numbers starting with + is recommended to enable automatic dialing support but not required.</Data></Cell>
    <Cell><Data ss:Type="String">~0202.FX</Data></Cell>
   </Row>
   <Row ss:AutoFitHeight="0">
    <Cell><Data ss:Type="Number">3</Data></Cell>
    <Cell ss:StyleID="s74"><Data ss:Type="String">email</Data></Cell>
    <Cell ss:StyleID="s74"><Data ss:Type="String">The value is an email address</Data></Cell>
    <Cell><Data ss:Type="String" x:Ticked="1">&lt;0202.Internet (use mailto: protocol)</Data></Cell>
   </Row>
   <Row ss:AutoFitHeight="0" ss:Height="30">
    <Cell><Data ss:Type="Number">4</Data></Cell>
    <Cell ss:StyleID="s74"><Data ss:Type="String">url</Data></Cell>
    <Cell ss:StyleID="s74"><Data ss:Type="String">The value is a url. This is intended for various personal contacts including blogs, Twitter, Facebook, etc. Do not use for email addresses</Data></Cell>
    <Cell><Data ss:Type="String">&lt;0202.Internet</Data></Cell>
   </Row>
  </Table>
  <WorksheetOptions xmlns="urn:schemas-microsoft-com:office:excel">
   <PageSetup>
    <Header x:Margin="0.3"/>
    <Footer x:Margin="0.3"/>
    <PageMargins x:Bottom="0.75" x:Left="0.7" x:Right="0.7" x:Top="0.75"/>
   </PageSetup>
   <Unsynced/>
   <Panes>
    <Pane>
     <Number>3</Number>
     <ActiveRow>1</ActiveRow>
     <ActiveCol>1</ActiveCol>
     <RangeSelection>R2C2:R5C2</RangeSelection>
    </Pane>
   </Panes>
   <ProtectObjects>False</ProtectObjects>
   <ProtectScenarios>False</ProtectScenarios>
  </WorksheetOptions>
 </Worksheet>
</Workbook>
