<?xml version="1.0"?>
<?mso-application progid="Excel.Sheet"?>
<Workbook xmlns="urn:schemas-microsoft-com:office:spreadsheet"
 xmlns:o="urn:schemas-microsoft-com:office:office"
 xmlns:x="urn:schemas-microsoft-com:office:excel"
 xmlns:ss="urn:schemas-microsoft-com:office:spreadsheet"
 xmlns:html="http://www.w3.org/TR/REC-html40">
 <DocumentProperties xmlns="urn:schemas-microsoft-com:office:office">
  <Author>Grahame</Author>
  <LastAuthor>Grahame</LastAuthor>
  <Created>2012-03-19T11:23:41Z</Created>
  <LastSaved>2013-02-01T12:14:49Z</LastSaved>
  <Version>14.00</Version>
 </DocumentProperties>
 <OfficeDocumentSettings xmlns="urn:schemas-microsoft-com:office:office">
  <AllowPNG/>
 </OfficeDocumentSettings>
 <ExcelWorkbook xmlns="urn:schemas-microsoft-com:office:excel">
  <WindowHeight>9225</WindowHeight>
  <WindowWidth>15570</WindowWidth>
  <WindowTopX>2880</WindowTopX>
  <WindowTopY>3000</WindowTopY>
  <ProtectStructure>False</ProtectStructure>
  <ProtectWindows>False</ProtectWindows>
 </ExcelWorkbook>
 <Styles>
  <Style ss:ID="Default" ss:Name="Normal">
   <Alignment ss:Vertical="Bottom"/>
   <Borders/>
   <Font ss:FontName="Calibri" x:Family="Swiss" ss:Size="11" ss:Color="#000000"/>
   <Interior/>
   <NumberFormat/>
   <Protection/>
  </Style>
  <Style ss:ID="s62">
   <Alignment ss:Horizontal="Left" ss:Vertical="Top" ss:ShrinkToFit="1"
    ss:WrapText="1"/>
  </Style>
  <Style ss:ID="s63">
   <Alignment ss:Horizontal="Left" ss:Vertical="Top" ss:ShrinkToFit="1"
    ss:WrapText="1"/>
   <Font ss:FontName="Calibri" x:Family="Swiss" ss:Size="11" ss:Color="#000000"
    ss:Bold="1"/>
  </Style>
  <Style ss:ID="s64">
   <Alignment ss:Horizontal="Left" ss:Vertical="Top" ss:ShrinkToFit="1"
    ss:WrapText="1"/>
   <Borders>
    <Border ss:Position="Bottom" ss:LineStyle="Continuous" ss:Weight="1"/>
   </Borders>
   <Font ss:FontName="Calibri" x:Family="Swiss" ss:Size="11" ss:Color="#000000"
    ss:Bold="1"/>
   <Interior ss:Color="#EEECE1" ss:Pattern="Solid"/>
  </Style>
  <Style ss:ID="s65">
   <Alignment ss:Horizontal="Left" ss:Vertical="Top" ss:ShrinkToFit="1"
    ss:WrapText="1"/>
   <Interior ss:Color="#D9D9D9" ss:Pattern="Solid"/>
  </Style>
  <Style ss:ID="s66">
   <Alignment ss:Vertical="Top"/>
   <Font ss:FontName="Calibri" x:Family="Swiss" ss:Size="11" ss:Color="#000000"
    ss:Bold="1"/>
  </Style>
  <Style ss:ID="s67">
   <Alignment ss:Vertical="Top" ss:ShrinkToFit="1" ss:WrapText="1"/>
  </Style>
 </Styles>
 <Worksheet ss:Name="Data Elements">
  <Table ss:ExpandedColumnCount="14" ss:ExpandedRowCount="5" x:FullColumns="1"
   x:FullRows="1" ss:StyleID="s62" ss:DefaultRowHeight="15">
   <Column ss:StyleID="s63" ss:AutoFitWidth="0" ss:Width="130.5"/>
   <Column ss:StyleID="s62" ss:AutoFitWidth="0" ss:Width="39.75"/>
   <Column ss:StyleID="s62" ss:AutoFitWidth="0" ss:Width="28.5"/>
   <Column ss:StyleID="s62" ss:AutoFitWidth="0" ss:Width="33"/>
   <Column ss:StyleID="s62" ss:AutoFitWidth="0" ss:Width="56.25"/>
   <Column ss:StyleID="s62" ss:AutoFitWidth="0" ss:Width="82.5"/>
   <Column ss:StyleID="s62" ss:AutoFitWidth="0" ss:Width="213.75" ss:Span="1"/>
   <Column ss:Index="9" ss:StyleID="s62" ss:AutoFitWidth="0" ss:Width="161.25"
    ss:Span="1"/>
   <Column ss:Index="11" ss:StyleID="s62" ss:AutoFitWidth="0" ss:Width="135"
    ss:Span="1"/>
   <Row ss:AutoFitHeight="0" ss:Height="30" ss:StyleID="s64">
    <Cell><Data ss:Type="String">Element</Data></Cell>
    <Cell><Data ss:Type="String">Card.</Data></Cell>
    <Cell><Data ss:Type="String">Inv.</Data></Cell>
    <Cell><Data ss:Type="String">Is Modifier</Data></Cell>
    <Cell><Data ss:Type="String">Type</Data></Cell>
    <Cell><Data ss:Type="String">Concept Domain</Data></Cell>
    <Cell><Data ss:Type="String">Short Name</Data></Cell>
    <Cell><Data ss:Type="String">Definition</Data></Cell>
    <Cell><Data ss:Type="String">Requirements</Data></Cell>
    <Cell><Data ss:Type="String">Comments</Data></Cell>
    <Cell><Data ss:Type="String">RIM Mapping</Data></Cell>
    <Cell><Data ss:Type="String">v2 Mapping</Data></Cell>
    <Cell><Data ss:Type="String">To Do</Data></Cell>
    <Cell><Data ss:Type="String">Committee Notes</Data></Cell>
   </Row>
   <Row ss:AutoFitHeight="0" ss:Height="45">
    <Cell><Data ss:Type="String">Extension</Data></Cell>
    <Cell ss:StyleID="s65"/>
    <Cell ss:StyleID="s65"/>
    <Cell ss:StyleID="s65"/>
    <Cell><Data ss:Type="String">Type</Data></Cell>
    <Cell ss:Index="8"><Data ss:Type="String">Optional Extensions Element - found in all resources</Data></Cell>
    <Cell><Data ss:Type="String">The ability to add extensions in a structured way is what keeps FHIR resources simple</Data></Cell>
    <Cell ss:Index="11"><Data ss:Type="String">N/A</Data></Cell>
   </Row>
   <Row ss:AutoFitHeight="0" ss:Height="60">
    <Cell ss:StyleID="s66"><Data ss:Type="String">Extension.@url</Data></Cell>
    <Cell><Data ss:Type="String">1..1</Data></Cell>
    <Cell ss:Index="5"><Data ss:Type="String">uri</Data></Cell>
    <Cell ss:Index="7"><Data ss:Type="String">identifies the meaning of the extension</Data></Cell>
    <Cell><Data ss:Type="String">Source of the definition for the extension code - a logical name or a URL</Data></Cell>
    <Cell ss:Index="10"><Data ss:Type="String">The definition may point directly to a computable or human-readable definition of the extensibility codes, or it may be a logical URI as declared in some other specification. The definition should be version specific.  This will ideally be the URI for the Resource Profile defining the extension, with the code for the extension after a #</Data></Cell>
    <Cell><Data ss:Type="String">N/A</Data></Cell>
   </Row>
   <Row ss:AutoFitHeight="0" ss:Height="60">
    <Cell><Data ss:Type="String">Extension.value[x]</Data></Cell>
    <Cell><Data ss:Type="String">0..1</Data></Cell>
    <Cell ss:Index="5"><Data ss:Type="String">*</Data></Cell>
    <Cell ss:Index="7"><Data ss:Type="String">Value of extension</Data></Cell>
    <Cell><Data ss:Type="String">Value of extension - may be a resource or one of a constrained set of the data types (see Extensibility in the spec for list)</Data></Cell>
    <Cell ss:Index="11"><Data ss:Type="String">N/A</Data></Cell>
   </Row>
   <Row ss:AutoFitHeight="0" ss:Height="30"/>
  </Table>
  <WorksheetOptions xmlns="urn:schemas-microsoft-com:office:excel">
   <PageSetup>
    <Header x:Margin="0.3"/>
    <Footer x:Margin="0.3"/>
    <PageMargins x:Bottom="0.75" x:Left="0.7" x:Right="0.7" x:Top="0.75"/>
   </PageSetup>
   <Unsynced/>
   <Selected/>
   <Panes>
    <Pane>
     <Number>3</Number>
     <ActiveRow>2</ActiveRow>
     <ActiveCol>2</ActiveCol>
    </Pane>
   </Panes>
   <ProtectObjects>False</ProtectObjects>
   <ProtectScenarios>False</ProtectScenarios>
  </WorksheetOptions>
 </Worksheet>
 <Worksheet ss:Name="Invariants">
  <Table ss:ExpandedColumnCount="6" ss:ExpandedRowCount="1" x:FullColumns="1"
   x:FullRows="1" ss:StyleID="s67" ss:DefaultRowHeight="15">
   <Column ss:StyleID="s67" ss:AutoFitWidth="0" ss:Width="27"/>
   <Column ss:StyleID="s67" ss:Width="66"/>
   <Column ss:StyleID="s67" ss:Width="51"/>
   <Column ss:StyleID="s67" ss:AutoFitWidth="0" ss:Width="243.75"/>
   <Column ss:Index="6" ss:StyleID="s67" ss:AutoFitWidth="0" ss:Width="198.75"/>
   <Row ss:AutoFitHeight="0" ss:StyleID="s64">
    <Cell><Data ss:Type="String">Id</Data></Cell>
    <Cell><Data ss:Type="String">Name</Data></Cell>
    <Cell><Data ss:Type="String">Context</Data></Cell>
    <Cell><Data ss:Type="String">English</Data></Cell>
    <Cell><Data ss:Type="String">OCL</Data></Cell>
    <Cell><Data ss:Type="String">XPath</Data></Cell>
   </Row>
  </Table>
  <WorksheetOptions xmlns="urn:schemas-microsoft-com:office:excel">
   <PageSetup>
    <Header x:Margin="0.3"/>
    <Footer x:Margin="0.3"/>
    <PageMargins x:Bottom="0.75" x:Left="0.7" x:Right="0.7" x:Top="0.75"/>
   </PageSetup>
   <Unsynced/>
   <Panes>
    <Pane>
     <Number>3</Number>
     <ActiveRow>1</ActiveRow>
    </Pane>
   </Panes>
   <ProtectObjects>False</ProtectObjects>
   <ProtectScenarios>False</ProtectScenarios>
  </WorksheetOptions>
 </Worksheet>
</Workbook>
