<?xml version="1.0"?>
<?mso-application progid="Excel.Sheet"?>
<Workbook xmlns="urn:schemas-microsoft-com:office:spreadsheet"
 xmlns:o="urn:schemas-microsoft-com:office:office"
 xmlns:x="urn:schemas-microsoft-com:office:excel"
 xmlns:ss="urn:schemas-microsoft-com:office:spreadsheet"
 xmlns:html="http://www.w3.org/TR/REC-html40">
 <DocumentProperties xmlns="urn:schemas-microsoft-com:office:office">
  <Author>Grahame</Author>
  <LastAuthor>Grahame</LastAuthor>
  <Created>2012-03-19T11:22:15Z</Created>
  <LastSaved>2013-12-01T20:02:05Z</LastSaved>
  <Version>14.00</Version>
 </DocumentProperties>
 <OfficeDocumentSettings xmlns="urn:schemas-microsoft-com:office:office">
  <AllowPNG/>
 </OfficeDocumentSettings>
 <ExcelWorkbook xmlns="urn:schemas-microsoft-com:office:excel">
  <WindowHeight>8220</WindowHeight>
  <WindowWidth>24615</WindowWidth>
  <WindowTopX>3510</WindowTopX>
  <WindowTopY>4050</WindowTopY>
  <ProtectStructure>False</ProtectStructure>
  <ProtectWindows>False</ProtectWindows>
 </ExcelWorkbook>
 <Styles>
  <Style ss:ID="Default" ss:Name="Normal">
   <Alignment ss:Vertical="Bottom"/>
   <Borders/>
   <Font ss:FontName="Calibri" x:Family="Swiss" ss:Size="11" ss:Color="#000000"/>
   <Interior/>
   <NumberFormat/>
   <Protection/>
  </Style>
  <Style ss:ID="s62" ss:Name="Normal 2">
   <Alignment ss:Vertical="Bottom"/>
   <Borders/>
   <Font ss:FontName="Calibri" x:Family="Swiss" ss:Size="11" ss:Color="#000000"/>
   <Interior/>
   <NumberFormat/>
   <Protection/>
  </Style>
  <Style ss:ID="s63">
   <Alignment ss:Horizontal="Left" ss:Vertical="Top" ss:ShrinkToFit="1"
    ss:WrapText="1"/>
  </Style>
  <Style ss:ID="s64">
   <Alignment ss:Horizontal="Left" ss:Vertical="Top" ss:ShrinkToFit="1"
    ss:WrapText="1"/>
   <Font ss:FontName="Calibri" x:Family="Swiss" ss:Size="11" ss:Color="#000000"
    ss:Bold="1"/>
  </Style>
  <Style ss:ID="s65">
   <Alignment ss:Horizontal="Left" ss:Vertical="Top" ss:ShrinkToFit="1"
    ss:WrapText="1"/>
   <Borders>
    <Border ss:Position="Bottom" ss:LineStyle="Continuous" ss:Weight="1"/>
   </Borders>
   <Font ss:FontName="Calibri" x:Family="Swiss" ss:Size="11" ss:Color="#000000"
    ss:Bold="1"/>
   <Interior ss:Color="#EEECE1" ss:Pattern="Solid"/>
  </Style>
  <Style ss:ID="s66">
   <Alignment ss:Vertical="Top" ss:ShrinkToFit="1" ss:WrapText="1"/>
   <Borders>
    <Border ss:Position="Bottom" ss:LineStyle="Continuous" ss:Weight="1"/>
   </Borders>
   <Font ss:FontName="Calibri" x:Family="Swiss" ss:Size="11" ss:Color="#000000"
    ss:Bold="1"/>
   <Interior ss:Color="#F2F2F2" ss:Pattern="Solid"/>
  </Style>
  <Style ss:ID="s67">
   <Alignment ss:Horizontal="Left" ss:Vertical="Top" ss:ShrinkToFit="1"
    ss:WrapText="1"/>
   <Interior ss:Color="#F2F2F2" ss:Pattern="Solid"/>
  </Style>
  <Style ss:ID="s69">
   <Alignment ss:Vertical="Top" ss:ShrinkToFit="1" ss:WrapText="1"/>
  </Style>
  <Style ss:ID="s70">
   <Alignment ss:Horizontal="Left" ss:Vertical="Top" ss:ShrinkToFit="1"
    ss:WrapText="1"/>
   <Borders/>
   <Font ss:FontName="Calibri" x:Family="Swiss" ss:Size="11" ss:Color="#000000"
    ss:Bold="1"/>
   <Interior ss:Color="#EEECE1" ss:Pattern="Solid"/>
  </Style>
  <Style ss:ID="s71">
   <Alignment ss:Vertical="Bottom" ss:WrapText="1"/>
  </Style>
  <Style ss:ID="s72">
   <Font ss:FontName="Verdana" x:Family="Swiss" ss:Size="9" ss:Color="#333333"/>
  </Style>
  <Style ss:ID="s73">
   <Alignment ss:Vertical="Top" ss:WrapText="1"/>
  </Style>
  <Style ss:ID="s75" ss:Parent="s62">
   <Alignment ss:Vertical="Top" ss:WrapText="1"/>
   <Borders/>
   <Font ss:FontName="Calibri" x:Family="Swiss" ss:Size="11" ss:Color="#000000"/>
   <Interior/>
   <NumberFormat/>
   <Protection/>
  </Style>
  <Style ss:ID="s76" ss:Parent="s62">
   <Alignment ss:Vertical="Bottom" ss:WrapText="1"/>
   <Borders/>
   <Font ss:FontName="Calibri" x:Family="Swiss" ss:Size="11" ss:Color="#000000"/>
   <Interior/>
   <NumberFormat/>
   <Protection/>
  </Style>
  <Style ss:ID="s78">
   <Alignment ss:Horizontal="Right" ss:Vertical="Top" ss:WrapText="1"/>
  </Style>
  <Style ss:ID="s79" ss:Parent="s62">
   <Alignment ss:Horizontal="Left" ss:Vertical="Top" ss:WrapText="1"/>
   <Borders/>
   <Font ss:FontName="Calibri" x:Family="Swiss" ss:Size="11" ss:Color="#000000"/>
   <Interior/>
   <NumberFormat/>
   <Protection/>
  </Style>
 </Styles>
 <Worksheet ss:Name="Data Elements">
  <Table ss:ExpandedColumnCount="17" ss:ExpandedRowCount="12" x:FullColumns="1"
   x:FullRows="1" ss:StyleID="s63" ss:DefaultRowHeight="15">
   <Column ss:StyleID="s64" ss:AutoFitWidth="0" ss:Width="120"/>
   <Column ss:StyleID="s63" ss:AutoFitWidth="0" ss:Width="41.25" ss:Span="1"/>
   <Column ss:Index="4" ss:StyleID="s63" ss:AutoFitWidth="0" ss:Width="37.5"/>
   <Column ss:StyleID="s63" ss:AutoFitWidth="0" ss:Width="85.5"/>
   <Column ss:StyleID="s63" ss:AutoFitWidth="0" ss:Width="78.75"/>
   <Column ss:StyleID="s63" ss:AutoFitWidth="0" ss:Width="213.75" ss:Span="1"/>
   <Column ss:Index="9" ss:StyleID="s63" ss:AutoFitWidth="0" ss:Width="54"/>
   <Column ss:StyleID="s63" ss:AutoFitWidth="0" ss:Width="161.25"/>
   <Column ss:StyleID="s63" ss:AutoFitWidth="0" ss:Width="182.25" ss:Span="1"/>
   <Column ss:Index="13" ss:StyleID="s63" ss:AutoFitWidth="0" ss:Width="135"
    ss:Span="2"/>
   <Row ss:AutoFitHeight="0" ss:Height="30" ss:StyleID="s65">
    <Cell><Data ss:Type="String">Element</Data></Cell>
    <Cell><Data ss:Type="String">Card.</Data></Cell>
    <Cell><Data ss:Type="String">Inv.</Data></Cell>
    <Cell><Data ss:Type="String">Is Modifier</Data></Cell>
    <Cell><Data ss:Type="String">Type</Data></Cell>
    <Cell><Data ss:Type="String">Binding</Data></Cell>
    <Cell><Data ss:Type="String">Short Name</Data></Cell>
    <Cell><Data ss:Type="String">Definition</Data></Cell>
    <Cell><Data ss:Type="String">Aliases</Data></Cell>
    <Cell><Data ss:Type="String">Requirements</Data></Cell>
    <Cell><Data ss:Type="String">Comments</Data></Cell>
    <Cell ss:StyleID="s66"><Data ss:Type="String">vCard Mapping</Data></Cell>
    <Cell><Data ss:Type="String">RIM Mapping</Data></Cell>
    <Cell><Data ss:Type="String">v2 Mapping</Data></Cell>
    <Cell><Data ss:Type="String">ServD Mapping</Data></Cell>
    <Cell><Data ss:Type="String">To Do</Data></Cell>
    <Cell><Data ss:Type="String">Committee Notes</Data></Cell>
   </Row>
   <Row ss:AutoFitHeight="0" ss:Height="237.75">
    <Cell><Data ss:Type="String">HumanName</Data></Cell>
    <Cell ss:StyleID="s67"/>
    <Cell ss:StyleID="s67"/>
    <Cell ss:StyleID="s67"/>
    <Cell><Data ss:Type="String">Structure</Data></Cell>
    <Cell ss:Index="7"><Data ss:Type="String">Name of a human - parts and usage</Data></Cell>
    <Cell><Data ss:Type="String">A human's name with the ability to identify parts and usage</Data></Cell>
    <Cell ss:Index="10"><Data ss:Type="String">Need to be able to record names, along with notes about their use</Data></Cell>
    <Cell><Data ss:Type="String">Names may be changed, or repudiated, or people may have different names in different contexts. Names may be divided into parts of different type that have variable significance depending on context, though the division into parts does not always matter. With personal names, the different parts may or may not be imbued with some implicit meaning; various cultures associate different importance with the name parts and the degree to which systems must care about name parts around the world varies widely.</Data></Cell>
    <Cell ss:StyleID="Default"/>
    <Cell><Data ss:Type="String">EN (actually, PN)</Data></Cell>
    <Cell><Data ss:Type="String">XPN</Data></Cell>
    <Cell><Data ss:Type="String">ProviderName</Data></Cell>
   </Row>
   <Row ss:AutoFitHeight="0" ss:Height="60">
    <Cell><Data ss:Type="String">HumanName.use</Data></Cell>
    <Cell><Data ss:Type="String">0..1</Data></Cell>
    <Cell ss:Index="4"><Data ss:Type="String">Y</Data></Cell>
    <Cell><Data ss:Type="String">code</Data></Cell>
    <Cell><Data ss:Type="String">NameUse</Data></Cell>
    <Cell><Data ss:Type="String">usual | official | temp | nickname | anonymous | old | maiden</Data></Cell>
    <Cell><Data ss:Type="String">Identifies the purpose for this name</Data></Cell>
    <Cell ss:Index="10"><Data ss:Type="String">Allows the appropriate name for a particular context of use to be selected from among a set of names</Data></Cell>
    <Cell><Data ss:Type="String">This is labeled as &quot;Is Modifier&quot; because applications should not mistake a temporary or old name etc for a current/permanent one. Applications can assume that a name is current unless it explicitly says that it is temporary or old</Data></Cell>
    <Cell ss:StyleID="Default"/>
    <Cell><Data ss:Type="String">unique(./use)</Data></Cell>
    <Cell><Data ss:Type="String">XPN.7, but often indicated by which field contains the name</Data></Cell>
    <Cell><Data ss:Type="String">./NamePurpose</Data></Cell>
   </Row>
   <Row ss:AutoFitHeight="0" ss:Height="90">
    <Cell><Data ss:Type="String">HumanName.text</Data></Cell>
    <Cell><Data ss:Type="String">0..1</Data></Cell>
    <Cell ss:Index="5"><Data ss:Type="String">string</Data></Cell>
    <Cell ss:Index="7"><Data ss:Type="String">Text representation of the full name</Data></Cell>
    <Cell><Data ss:Type="String">A full text representation of the name</Data></Cell>
    <Cell ss:Index="10" ss:StyleID="s69"><Data ss:Type="String">A renderable, unencoded form</Data></Cell>
    <Cell><Data ss:Type="String">Can provide both a text representation and structured parts. &#10;</Data></Cell>
    <Cell ss:StyleID="Default"/>
    <Cell><Data ss:Type="String">./formatted</Data></Cell>
    <Cell><Data ss:Type="String">implied by XPN.11</Data></Cell>
   </Row>
   <Row ss:AutoFitHeight="0" ss:Height="50.25">
    <Cell><Data ss:Type="String">HumanName.family</Data></Cell>
    <Cell><Data ss:Type="String">0..*</Data></Cell>
    <Cell ss:Index="5"><Data ss:Type="String">string</Data></Cell>
    <Cell ss:Index="7"><Data ss:Type="String">Family name (often called 'Surname')</Data></Cell>
    <Cell><Data ss:Type="String">The part of a name that links to the genealogy. In some cultures (e.g. Eritrea) the family name of a son is the first name of his father.</Data></Cell>
    <Cell><Data ss:Type="String">surname</Data></Cell>
    <Cell ss:StyleID="s69"/>
    <Cell><Data ss:Type="String">For family name, hyphenated names such as &quot;Smith-Jones&quot; are a single name, but names with spaces such as &quot;Smith Jones&quot; are broken into multiple parts</Data></Cell>
    <Cell ss:StyleID="Default"/>
    <Cell><Data ss:Type="String">./part[partType = FAM]</Data></Cell>
    <Cell><Data ss:Type="String">XPN.1</Data></Cell>
    <Cell><Data ss:Type="String">./FamilyName</Data></Cell>
   </Row>
   <Row ss:AutoFitHeight="0" ss:Height="46.5">
    <Cell><Data ss:Type="String">HumanName.given</Data></Cell>
    <Cell><Data ss:Type="String">0..*</Data></Cell>
    <Cell ss:Index="5"><Data ss:Type="String">string</Data></Cell>
    <Cell ss:Index="7"><Data ss:Type="String">Given names (not always 'first'). Includes middle names</Data></Cell>
    <Cell><Data ss:Type="String">Given name</Data></Cell>
    <Cell><Data ss:Type="String">first name; middle name</Data></Cell>
    <Cell ss:StyleID="s69"/>
    <Cell><Data ss:Type="String">If only initials are recorded, they may be used in place of the full name.  Not called &quot;first name&quot; since given names do not always come first.</Data></Cell>
    <Cell ss:StyleID="Default"/>
    <Cell><Data ss:Type="String">./part[partType = GIV]</Data></Cell>
    <Cell><Data ss:Type="String">XPN.2 + XPN.3</Data></Cell>
    <Cell><Data ss:Type="String">./GivenNames</Data></Cell>
   </Row>
   <Row ss:AutoFitHeight="0" ss:Height="46.5">
    <Cell><Data ss:Type="String">HumanName.prefix</Data></Cell>
    <Cell><Data ss:Type="String">0..*</Data></Cell>
    <Cell ss:Index="5"><Data ss:Type="String">string</Data></Cell>
    <Cell ss:Index="7"><Data ss:Type="String">Parts that come before the name</Data></Cell>
    <Cell><Data ss:Type="String">Part of the name that is acquired as a title due to academic, legal, employment or nobility status, etc. and that appears at the start of the name</Data></Cell>
    <Cell ss:Index="10" ss:StyleID="s69"/>
    <Cell ss:Index="12" ss:StyleID="Default"/>
    <Cell><Data ss:Type="String">./part[partType = PFX]</Data></Cell>
    <Cell><Data ss:Type="String">XPN.5</Data></Cell>
    <Cell><Data ss:Type="String">./TitleCode</Data></Cell>
   </Row>
   <Row ss:AutoFitHeight="0" ss:Height="46.5">
    <Cell><Data ss:Type="String">HumanName.suffix</Data></Cell>
    <Cell><Data ss:Type="String">0..*</Data></Cell>
    <Cell ss:Index="5"><Data ss:Type="String">string</Data></Cell>
    <Cell ss:Index="7"><Data ss:Type="String">Parts that come after the name</Data></Cell>
    <Cell><Data ss:Type="String">Part of the name that is acquired as a title due to academic, legal, employment or nobility status, etc. and that appears at the end of the name</Data></Cell>
    <Cell ss:Index="10" ss:StyleID="s69"/>
    <Cell ss:Index="12" ss:StyleID="Default"/>
    <Cell><Data ss:Type="String">./part[partType = SFX]</Data></Cell>
    <Cell><Data ss:Type="String">XPN/4</Data></Cell>
   </Row>
   <Row ss:AutoFitHeight="0" ss:Height="45">
    <Cell><Data ss:Type="String">HumanName.period</Data></Cell>
    <Cell><Data ss:Type="String">0..1</Data></Cell>
    <Cell ss:Index="5"><Data ss:Type="String">Period</Data></Cell>
    <Cell ss:Index="7"><Data ss:Type="String">Time period when name was/is in use</Data></Cell>
    <Cell><Data ss:Type="String">Indicates the period of time when this name was valid for the named person.</Data></Cell>
    <Cell ss:Index="10" ss:StyleID="s69"><Data ss:Type="String">Allows names to be placed in historical context</Data></Cell>
    <Cell ss:Index="12" ss:StyleID="Default"/>
    <Cell ss:StyleID="s69"><Data ss:Type="String">./usablePeriod[type=&quot;IVL&lt;TS&gt;&quot;]</Data></Cell>
    <Cell><Data ss:Type="String">XPN.13 + XPN.14</Data></Cell>
    <Cell><Data ss:Type="String">./StartDate and ./EndDate</Data></Cell>
   </Row>
   <Row ss:AutoFitHeight="0">
    <Cell ss:Index="12" ss:StyleID="Default"/>
   </Row>
   <Row ss:AutoFitHeight="0">
    <Cell ss:Index="12" ss:StyleID="Default"/>
   </Row>
   <Row ss:AutoFitHeight="0">
    <Cell ss:Index="12" ss:StyleID="Default"/>
   </Row>
  </Table>
  <WorksheetOptions xmlns="urn:schemas-microsoft-com:office:excel">
   <PageSetup>
    <Header x:Margin="0.3"/>
    <Footer x:Margin="0.3"/>
    <PageMargins x:Bottom="0.75" x:Left="0.7" x:Right="0.7" x:Top="0.75"/>
   </PageSetup>
   <Unsynced/>
   <Selected/>
   <Panes>
    <Pane>
     <Number>3</Number>
     <ActiveRow>8</ActiveRow>
     <ActiveCol>7</ActiveCol>
    </Pane>
   </Panes>
   <ProtectObjects>False</ProtectObjects>
   <ProtectScenarios>False</ProtectScenarios>
  </WorksheetOptions>
 </Worksheet>
 <Worksheet ss:Name="Invariants">
  <Table ss:ExpandedColumnCount="6" ss:ExpandedRowCount="2" x:FullColumns="1"
   x:FullRows="1" ss:StyleID="s69" ss:DefaultRowHeight="15">
   <Column ss:StyleID="s69" ss:AutoFitWidth="0" ss:Width="24.75"/>
   <Column ss:StyleID="s69" ss:Width="96.75"/>
   <Column ss:StyleID="s69" ss:Width="66"/>
   <Column ss:StyleID="s69" ss:AutoFitWidth="0" ss:Width="405.75"/>
   <Column ss:StyleID="s69" ss:Width="325.5"/>
   <Column ss:StyleID="s69" ss:AutoFitWidth="0" ss:Width="233.25"/>
   <Row ss:AutoFitHeight="0" ss:StyleID="s65">
    <Cell><Data ss:Type="String">Id</Data></Cell>
    <Cell><Data ss:Type="String">Name</Data></Cell>
    <Cell><Data ss:Type="String">Context</Data></Cell>
    <Cell><Data ss:Type="String">English</Data></Cell>
    <Cell><Data ss:Type="String">OCL</Data></Cell>
    <Cell><Data ss:Type="String">XPath</Data></Cell>
   </Row>
   <Row ss:AutoFitHeight="0" ss:Height="45">
    <Cell ss:Index="4" ss:StyleID="s63"/>
   </Row>
  </Table>
  <WorksheetOptions xmlns="urn:schemas-microsoft-com:office:excel">
   <PageSetup>
    <Header x:Margin="0.3"/>
    <Footer x:Margin="0.3"/>
    <PageMargins x:Bottom="0.75" x:Left="0.7" x:Right="0.7" x:Top="0.75"/>
   </PageSetup>
   <Unsynced/>
   <Panes>
    <Pane>
     <Number>3</Number>
     <ActiveRow>3</ActiveRow>
     <ActiveCol>1</ActiveCol>
    </Pane>
   </Panes>
   <ProtectObjects>False</ProtectObjects>
   <ProtectScenarios>False</ProtectScenarios>
  </WorksheetOptions>
 </Worksheet>
 <Worksheet ss:Name="Bindings">
  <Table ss:ExpandedColumnCount="7" ss:ExpandedRowCount="2" x:FullColumns="1"
   x:FullRows="1" ss:DefaultRowHeight="15">
   <Column ss:AutoFitWidth="0" ss:Width="114"/>
   <Column ss:AutoFitWidth="0" ss:Width="211.5"/>
   <Column ss:AutoFitWidth="0" ss:Width="62.25"/>
   <Column ss:AutoFitWidth="0" ss:Width="141.75"/>
   <Column ss:AutoFitWidth="0" ss:Width="242.25"/>
   <Row ss:AutoFitHeight="0">
    <Cell ss:StyleID="s65"><Data ss:Type="String">Binding Name</Data></Cell>
    <Cell ss:StyleID="s65"><Data ss:Type="String">Definition</Data></Cell>
    <Cell ss:StyleID="s65"><Data ss:Type="String">Binding</Data></Cell>
    <Cell ss:StyleID="s65"><Data ss:Type="String">Reference</Data></Cell>
    <Cell ss:StyleID="s65"><Data ss:Type="String">Description</Data></Cell>
    <Cell ss:StyleID="s70"><Data ss:Type="String">v2</Data></Cell>
    <Cell ss:StyleID="s70"><Data ss:Type="String">v3</Data></Cell>
   </Row>
   <Row ss:AutoFitHeight="0">
    <Cell ss:StyleID="s71"><Data ss:Type="String">NameUse</Data></Cell>
    <Cell ss:StyleID="s71"><Data ss:Type="String">The use of a human name</Data></Cell>
    <Cell ss:StyleID="s71"><Data ss:Type="String">code list</Data></Cell>
    <Cell ss:StyleID="s71"><Data ss:Type="String">#name-use</Data></Cell>
    <Cell ss:Index="6" ss:StyleID="s72"><Data ss:Type="String">http://hl7.org/fhir/v2/vs/0200</Data></Cell>
    <Cell ss:StyleID="s72"><Data ss:Type="String">http://hl7.org/fhir/v3/vs/EntityNameUseR2</Data></Cell>
   </Row>
  </Table>
  <WorksheetOptions xmlns="urn:schemas-microsoft-com:office:excel">
   <PageSetup>
    <Header x:Margin="0.3"/>
    <Footer x:Margin="0.3"/>
    <PageMargins x:Bottom="0.75" x:Left="0.7" x:Right="0.7" x:Top="0.75"/>
   </PageSetup>
   <Unsynced/>
   <Panes>
    <Pane>
     <Number>3</Number>
     <ActiveRow>1</ActiveRow>
     <ActiveCol>6</ActiveCol>
    </Pane>
   </Panes>
   <ProtectObjects>False</ProtectObjects>
   <ProtectScenarios>False</ProtectScenarios>
  </WorksheetOptions>
 </Worksheet>
 <Worksheet ss:Name="name-use">
  <Table ss:ExpandedColumnCount="7" ss:ExpandedRowCount="8" x:FullColumns="1"
   x:FullRows="1" ss:StyleID="s71" ss:DefaultColumnWidth="72.75"
   ss:DefaultRowHeight="15">
   <Column ss:Index="2" ss:StyleID="s73" ss:AutoFitWidth="0"/>
   <Column ss:StyleID="s71" ss:AutoFitWidth="0" ss:Width="804.75"/>
   <Column ss:StyleID="s71" ss:AutoFitWidth="0" ss:Width="112.5"/>
   <Column ss:StyleID="s71" ss:AutoFitWidth="0" ss:Width="177.75"/>
   <Row ss:AutoFitHeight="0">
    <Cell><Data ss:Type="String">Id</Data></Cell>
    <Cell ss:StyleID="s65"><Data ss:Type="String">Code</Data></Cell>
    <Cell ss:StyleID="s65"><Data ss:Type="String">Definition</Data></Cell>
    <Cell ss:StyleID="s65"><Data ss:Type="String">v2</Data></Cell>
    <Cell ss:StyleID="s65"><Data ss:Type="String">v3</Data></Cell>
    <Cell ss:StyleID="s65"/>
    <Cell ss:StyleID="s65"/>
   </Row>
   <Row ss:AutoFitHeight="0">
    <Cell><Data ss:Type="Number">1</Data></Cell>
    <Cell ss:StyleID="s75"><Data ss:Type="String">usual</Data></Cell>
    <Cell ss:StyleID="s76"><Data ss:Type="String">Known as/conventional/the one you normally use</Data></Cell>
    <Cell><Data ss:Type="String">~0200.D</Data></Cell>
    <Cell><Data ss:Type="String" x:Ticked="1">=EntityNameUseR2.C</Data></Cell>
   </Row>
   <Row ss:AutoFitHeight="0">
    <Cell><Data ss:Type="Number">2</Data></Cell>
    <Cell ss:StyleID="s75"><Data ss:Type="String">official</Data></Cell>
    <Cell ss:StyleID="s76"><Data ss:Type="String">The formal name as registered in an official (government) registry, but which name might not be commonly used. May be called &quot;legal name&quot;.</Data></Cell>
    <Cell><Data ss:Type="String">~0200.L</Data></Cell>
    <Cell><Data ss:Type="String" x:Ticked="1">=EntityNameUseR2.OR</Data></Cell>
   </Row>
   <Row ss:AutoFitHeight="0">
    <Cell><Data ss:Type="Number">3</Data></Cell>
    <Cell ss:StyleID="s75"><Data ss:Type="String">temp</Data></Cell>
    <Cell ss:StyleID="s76"><Data ss:Type="String">A temporary name. Name.period can provide more detailed information. This may also be used for temporary names assigned at birth or in emergency situations.</Data></Cell>
    <Cell><Data ss:Type="String">~0200.TEMP</Data></Cell>
    <Cell><Data ss:Type="String" x:Ticked="1">=EntityNameUseR2.T</Data></Cell>
   </Row>
   <Row ss:AutoFitHeight="0">
    <Cell><Data ss:Type="Number">4</Data></Cell>
    <Cell ss:StyleID="s75"><Data ss:Type="String">nickname</Data></Cell>
    <Cell ss:StyleID="s75"><Data ss:Type="String">A name that is used to address the person in an informal manner, but is not part of their formal or usual name</Data></Cell>
    <Cell><Data ss:Type="String">~0200.N</Data></Cell>
    <Cell><Data ss:Type="String">~EntityNameUseR2.P</Data></Cell>
   </Row>
   <Row ss:AutoFitHeight="0">
    <Cell><Data ss:Type="Number">5</Data></Cell>
    <Cell ss:StyleID="s75"><Data ss:Type="String">anonymous</Data></Cell>
    <Cell ss:StyleID="s76"><Data ss:Type="String">Anonymous assigned name, alias, or pseudonym (used to protect a person's identity for privacy reasons)</Data></Cell>
    <Cell><Data ss:Type="String">~0200.S</Data></Cell>
    <Cell><Data ss:Type="String">~EntityNameUseR2.ANON</Data></Cell>
   </Row>
   <Row ss:AutoFitHeight="0">
    <Cell><Data ss:Type="Number">6</Data></Cell>
    <Cell ss:StyleID="s75"><Data ss:Type="String">old</Data></Cell>
    <Cell ss:StyleID="s76"><Data ss:Type="String">This name is no longer in use (or was never correct, but retained for records)</Data></Cell>
    <Cell><Data ss:Type="String" x:Ticked="1">&gt;0200.NOUSE,&gt;0200.BAD</Data></Cell>
    <Cell><Data ss:Type="String">~EntityNameUseR2.OLD</Data></Cell>
   </Row>
   <Row ss:AutoFitHeight="0" ss:Height="45">
    <Cell ss:StyleID="s78"><Data ss:Type="Number">7</Data></Cell>
    <Cell ss:StyleID="s79"><Data ss:Type="String">maiden</Data></Cell>
    <Cell ss:StyleID="s79"><Data ss:Type="String">A name used prior to marriage. Marriage naming customs vary greatly around the world. This name use is for use by applications that collect and store &quot;maiden&quot; names. Though the concept of maiden name is often gender specific, the use of this term is not gender specific. The use of this term does not imply any particular history for a person's name, nor should the maiden name be determined algorithmically.</Data></Cell>
    <Cell><Data ss:Type="String">~0200.M</Data></Cell>
    <Cell><Data ss:Type="String" x:Ticked="1">=EntityNameUseR2.M</Data></Cell>
   </Row>
  </Table>
  <WorksheetOptions xmlns="urn:schemas-microsoft-com:office:excel">
   <PageSetup>
    <Header x:Margin="0.3"/>
    <Footer x:Margin="0.3"/>
    <PageMargins x:Bottom="0.75" x:Left="0.7" x:Right="0.7" x:Top="0.75"/>
   </PageSetup>
   <Unsynced/>
   <Panes>
    <Pane>
     <Number>3</Number>
     <ActiveRow>1</ActiveRow>
     <ActiveCol>1</ActiveCol>
     <RangeSelection>R2C2:R8C2</RangeSelection>
    </Pane>
   </Panes>
   <ProtectObjects>False</ProtectObjects>
   <ProtectScenarios>False</ProtectScenarios>
  </WorksheetOptions>
 </Worksheet>
</Workbook>
