<?xml version="1.0"?>
<?mso-application progid="Excel.Sheet"?>
<Workbook xmlns="urn:schemas-microsoft-com:office:spreadsheet"
 xmlns:o="urn:schemas-microsoft-com:office:office"
 xmlns:x="urn:schemas-microsoft-com:office:excel"
 xmlns:ss="urn:schemas-microsoft-com:office:spreadsheet"
 xmlns:html="http://www.w3.org/TR/REC-html40">
 <DocumentProperties xmlns="urn:schemas-microsoft-com:office:office">
  <Author>Grahame</Author>
  <LastAuthor>Grahame</LastAuthor>
  <Created>2012-03-19T11:22:02Z</Created>
  <LastSaved>2014-01-15T11:58:34Z</LastSaved>
  <Version>14.00</Version>
 </DocumentProperties>
 <OfficeDocumentSettings xmlns="urn:schemas-microsoft-com:office:office">
  <AllowPNG/>
 </OfficeDocumentSettings>
 <ExcelWorkbook xmlns="urn:schemas-microsoft-com:office:excel">
  <WindowHeight>7815</WindowHeight>
  <WindowWidth>24375</WindowWidth>
  <WindowTopX>2805</WindowTopX>
  <WindowTopY>3975</WindowTopY>
  <ProtectStructure>False</ProtectStructure>
  <ProtectWindows>False</ProtectWindows>
 </ExcelWorkbook>
 <Styles>
  <Style ss:ID="Default" ss:Name="Normal">
   <Alignment ss:Vertical="Bottom"/>
   <Borders/>
   <Font ss:FontName="Calibri" x:Family="Swiss" ss:Size="11" ss:Color="#000000"/>
   <Interior/>
   <NumberFormat/>
   <Protection/>
  </Style>
  <Style ss:ID="s62" ss:Name="Normal 2">
   <Alignment ss:Vertical="Bottom"/>
   <Borders/>
   <Font ss:FontName="Calibri" x:Family="Swiss" ss:Size="11" ss:Color="#000000"/>
   <Interior/>
   <NumberFormat/>
   <Protection/>
  </Style>
  <Style ss:ID="s63">
   <Alignment ss:Horizontal="Left" ss:Vertical="Top" ss:ShrinkToFit="1"
    ss:WrapText="1"/>
  </Style>
  <Style ss:ID="s64">
   <Alignment ss:Horizontal="Left" ss:Vertical="Top" ss:ShrinkToFit="1"
    ss:WrapText="1"/>
   <Font ss:FontName="Calibri" x:Family="Swiss" ss:Size="11" ss:Color="#000000"
    ss:Bold="1"/>
  </Style>
  <Style ss:ID="s65">
   <Alignment ss:Horizontal="Left" ss:Vertical="Top" ss:ShrinkToFit="1"
    ss:WrapText="1"/>
   <Borders>
    <Border ss:Position="Bottom" ss:LineStyle="Continuous" ss:Weight="1"/>
   </Borders>
   <Font ss:FontName="Calibri" x:Family="Swiss" ss:Size="11" ss:Color="#000000"
    ss:Bold="1"/>
   <Interior ss:Color="#EEECE1" ss:Pattern="Solid"/>
  </Style>
  <Style ss:ID="s66">
   <Alignment ss:Horizontal="Left" ss:Vertical="Top" ss:ShrinkToFit="1"
    ss:WrapText="1"/>
   <Interior ss:Color="#D9D9D9" ss:Pattern="Solid"/>
  </Style>
  <Style ss:ID="s68">
   <Alignment ss:Horizontal="Left" ss:Vertical="Top" ss:ShrinkToFit="1"
    ss:WrapText="1"/>
   <Borders/>
   <Font ss:FontName="Calibri" x:Family="Swiss" ss:Size="11" ss:Color="#000000"/>
   <Interior/>
   <NumberFormat/>
   <Protection/>
  </Style>
  <Style ss:ID="s69">
   <Alignment ss:Vertical="Bottom" ss:ShrinkToFit="1" ss:WrapText="1"/>
  </Style>
  <Style ss:ID="s70">
   <Alignment ss:Vertical="Bottom" ss:WrapText="1"/>
  </Style>
  <Style ss:ID="s72" ss:Parent="s62">
   <Alignment ss:Vertical="Top" ss:WrapText="1"/>
   <Borders/>
   <Font ss:FontName="Calibri" x:Family="Swiss" ss:Size="11" ss:Color="#000000"/>
   <Interior/>
   <NumberFormat/>
   <Protection/>
  </Style>
  <Style ss:ID="s73" ss:Parent="s62">
   <Alignment ss:Vertical="Bottom" ss:WrapText="1"/>
   <Borders/>
   <Font ss:FontName="Calibri" x:Family="Swiss" ss:Size="11" ss:Color="#000000"/>
   <Interior/>
   <NumberFormat/>
   <Protection/>
  </Style>
 </Styles>
 <Worksheet ss:Name="Data Elements">
  <Table ss:ExpandedColumnCount="17" ss:ExpandedRowCount="8" x:FullColumns="1"
   x:FullRows="1" ss:StyleID="s63" ss:DefaultRowHeight="15">
   <Column ss:StyleID="s64" ss:AutoFitWidth="0" ss:Width="92.25"/>
   <Column ss:StyleID="s63" ss:AutoFitWidth="0" ss:Width="36.75"/>
   <Column ss:StyleID="s63" ss:AutoFitWidth="0" ss:Width="30"/>
   <Column ss:StyleID="s63" ss:AutoFitWidth="0" ss:Width="35.25"/>
   <Column ss:StyleID="s63" ss:AutoFitWidth="0" ss:Width="56.25"/>
   <Column ss:StyleID="s63" ss:AutoFitWidth="0" ss:Width="45"/>
   <Column ss:StyleID="s63" ss:AutoFitWidth="0" ss:Width="150.75"/>
   <Column ss:StyleID="s63" ss:AutoFitWidth="0" ss:Width="213.75"/>
   <Column ss:StyleID="s63" ss:AutoFitWidth="0" ss:Width="108.75"/>
   <Column ss:StyleID="s63" ss:AutoFitWidth="0" ss:Width="161.25" ss:Span="1"/>
   <Column ss:Index="12" ss:StyleID="s63" ss:AutoFitWidth="0" ss:Width="135"
    ss:Span="2"/>
   <Row ss:AutoFitHeight="0" ss:Height="30" ss:StyleID="s65">
    <Cell><Data ss:Type="String">Element</Data></Cell>
    <Cell><Data ss:Type="String">Card.</Data></Cell>
    <Cell><Data ss:Type="String">Inv.</Data></Cell>
    <Cell><Data ss:Type="String">Is Modifier</Data></Cell>
    <Cell><Data ss:Type="String">Type</Data></Cell>
    <Cell><Data ss:Type="String">Binding</Data></Cell>
    <Cell><Data ss:Type="String">Short Name</Data></Cell>
    <Cell><Data ss:Type="String">Definition</Data></Cell>
    <Cell><Data ss:Type="String">Example</Data></Cell>
    <Cell><Data ss:Type="String">Requirements</Data></Cell>
    <Cell><Data ss:Type="String">Comments</Data></Cell>
    <Cell><Data ss:Type="String">RIM Mapping</Data></Cell>
    <Cell><Data ss:Type="String">v2 Mapping</Data></Cell>
    <Cell><Data ss:Type="String">ServD Mapping</Data></Cell>
    <Cell><Data ss:Type="String">To Do</Data></Cell>
    <Cell><Data ss:Type="String">Committee Notes</Data></Cell>
   </Row>
   <Row ss:AutoFitHeight="0" ss:Height="60">
    <Cell><Data ss:Type="String">Identifier</Data></Cell>
    <Cell ss:StyleID="s66"/>
    <Cell ss:StyleID="s66"/>
    <Cell ss:StyleID="s66"/>
    <Cell><Data ss:Type="String">Type</Data></Cell>
    <Cell ss:Index="7"><Data ss:Type="String">An identifier intended for computation</Data></Cell>
    <Cell><Data ss:Type="String">A technical identifier - identifies some entity uniquely and unambiguously</Data></Cell>
    <Cell ss:Index="10"><Data ss:Type="String">Need to be able to identify things with confidence and be sure that the identification is not subject to misinterpretation</Data></Cell>
    <Cell ss:Index="12"><Data ss:Type="String">II - see see identifier pattern at http://wiki.hl7.org/index.php?title=Common_Design_Patterns#Identifier_Pattern for relevant discussion. The Identifier class is a little looser than the v3 type II because it allows URIs as well as registered OIDs or GUIDs</Data></Cell>
    <Cell><Data ss:Type="String">CX / EI (occasionally, more often EI maps to a resource id or a URL)</Data></Cell>
    <Cell><Data ss:Type="String">Identifier</Data></Cell>
   </Row>
   <Row ss:AutoFitHeight="0" ss:Height="60">
    <Cell><Data ss:Type="String">Identifier.use</Data></Cell>
    <Cell><Data ss:Type="String">0..1</Data></Cell>
    <Cell ss:StyleID="Default"/>
    <Cell><Data ss:Type="String">Y</Data></Cell>
    <Cell><Data ss:Type="String">code</Data></Cell>
    <Cell><Data ss:Type="String">IdentifierUse</Data></Cell>
    <Cell><Data ss:Type="String">usual | official | temp | secondary (If known)&#10;</Data></Cell>
    <Cell><Data ss:Type="String">The purpose of this identifier</Data></Cell>
    <Cell ss:Index="10"><Data ss:Type="String">Allows the appropriate identifier for a particular context of use to be selected from among a set of identifiers</Data></Cell>
    <Cell><Data ss:Type="String">This is labeled as &quot;Is Modifier&quot; because applications should not mistake a temporary id for a permanent one. Applications can assume that an identifier is permanent unless it explicitly says that it is temporary</Data></Cell>
    <Cell ss:StyleID="s68"><Data ss:Type="String">N/A - this is sometimes implied by context</Data></Cell>
    <Cell ss:StyleID="s68"><Data ss:Type="String">CX.5</Data></Cell>
    <Cell ss:StyleID="s68"/>
    <Cell ss:StyleID="Default"/>
    <Cell ss:StyleID="Default"/>
    <Cell ss:StyleID="Default"/>
   </Row>
   <Row ss:AutoFitHeight="0" ss:Height="60">
    <Cell><Data ss:Type="String">Identifier.label</Data></Cell>
    <Cell><Data ss:Type="String">0..1</Data></Cell>
    <Cell ss:StyleID="Default"/>
    <Cell ss:StyleID="Default"/>
    <Cell><Data ss:Type="String">string</Data></Cell>
    <Cell ss:StyleID="Default"/>
    <Cell><Data ss:Type="String">Description of identifier</Data></Cell>
    <Cell><Data ss:Type="String">A text string for the identifier that can be displayed to a human so they can recognize the identifier</Data></Cell>
    <Cell ss:StyleID="Default"/>
    <Cell><Data ss:Type="String">Allows humans to make use of identifiers when the identifier system is not known</Data></Cell>
    <Cell ss:StyleID="Default"/>
    <Cell ss:StyleID="s68"><Data ss:Type="String">N/A - this is sometimes implied by context</Data></Cell>
    <Cell ss:StyleID="s68"><Data ss:Type="String">N/A</Data></Cell>
    <Cell ss:StyleID="s68"/>
    <Cell ss:StyleID="Default"/>
    <Cell ss:StyleID="Default"/>
    <Cell ss:StyleID="Default"/>
   </Row>
   <Row ss:AutoFitHeight="0" ss:Height="75">
    <Cell><Data ss:Type="String">Identifier.system</Data></Cell>
    <Cell><Data ss:Type="String">0..1</Data></Cell>
    <Cell ss:Index="5"><Data ss:Type="String">uri</Data></Cell>
    <Cell ss:Index="7"><Data ss:Type="String">The namespace for the identifier</Data></Cell>
    <Cell><Data ss:Type="String">Establishes the namespace in which set of possible id values is unique.</Data></Cell>
    <Cell ss:StyleID="Default"><Data ss:Type="String">http://www.acme.com/identifiers/patient or urn:ietf:rfc:3986 if the id itself is a full uri</Data></Cell>
    <Cell><Data ss:Type="String">There are many sequences of identifiers.  To perform matching, we need to know what sequence we're dealing with. The system identifies a particular sequence or set of unique identifiers</Data></Cell>
    <Cell ss:Index="12"><Data ss:Type="String">II.root</Data></Cell>
    <Cell><Data ss:Type="String">CX.4 / EI-2-4</Data></Cell>
    <Cell><Data ss:Type="String">./IdentifierType</Data></Cell>
   </Row>
   <Row ss:AutoFitHeight="0" ss:Height="60">
    <Cell><Data ss:Type="String">Identifier.value</Data></Cell>
    <Cell><Data ss:Type="String">0..1</Data></Cell>
    <Cell ss:Index="5"><Data ss:Type="String">string</Data></Cell>
    <Cell ss:Index="7"><Data ss:Type="String">The value that is unique</Data></Cell>
    <Cell><Data ss:Type="String">The portion of the identifier typically displayed to the user and which is unique within the context of the system.</Data></Cell>
    <Cell><Data ss:Type="Number">123456</Data></Cell>
    <Cell ss:Index="11"><Data ss:Type="String">If the value is a full URI, then the system SHALL be urn:ietf:rfc:3986</Data></Cell>
    <Cell><Data ss:Type="String">II.extension or II.root if system indicates OID or GUID</Data></Cell>
    <Cell><Data ss:Type="String">CX.1 / EI.1</Data></Cell>
    <Cell><Data ss:Type="String">./Value</Data></Cell>
   </Row>
   <Row ss:AutoFitHeight="0">
    <Cell><Data ss:Type="String">Identifier.period</Data></Cell>
    <Cell><Data ss:Type="String">0..1</Data></Cell>
    <Cell ss:StyleID="Default"/>
    <Cell ss:StyleID="Default"/>
    <Cell><Data ss:Type="String">Period</Data></Cell>
    <Cell ss:StyleID="Default"/>
    <Cell><Data ss:Type="String">Time period when id is/was valid for use</Data></Cell>
    <Cell><Data ss:Type="String">Time period during which identifier is/was valid for use</Data></Cell>
    <Cell ss:StyleID="Default"/>
    <Cell ss:StyleID="Default"/>
    <Cell ss:StyleID="Default"/>
    <Cell ss:StyleID="s68"><Data ss:Type="String">N/A - this is sometimes implied by context</Data></Cell>
    <Cell ss:StyleID="Default"><Data ss:Type="String">CX.7 + CX.8</Data></Cell>
    <Cell ss:StyleID="s68"><Data ss:Type="String">./StartDate and ./EndDate</Data></Cell>
    <Cell ss:StyleID="Default"/>
    <Cell ss:StyleID="Default"/>
   </Row>
   <Row ss:AutoFitHeight="0">
    <Cell><Data ss:Type="String">Identifier.assigner</Data></Cell>
    <Cell><Data ss:Type="String">0..1</Data></Cell>
    <Cell ss:StyleID="Default"/>
    <Cell ss:StyleID="Default"/>
    <Cell><Data ss:Type="String">Resource(Organization)</Data></Cell>
    <Cell ss:StyleID="Default"/>
    <Cell><Data ss:Type="String">Organization that issued id (may be just text)</Data></Cell>
    <Cell><Data ss:Type="String">Organization that issued/manages the identifier</Data></Cell>
    <Cell ss:StyleID="Default"/>
    <Cell ss:StyleID="Default"/>
    <Cell><Data ss:Type="String">The reference may be just a text description of the assigner</Data></Cell>
    <Cell ss:StyleID="s68"><Data ss:Type="String">II.assigningAuthorityName but note that this is an improper use by the definition of the field</Data></Cell>
    <Cell ss:StyleID="s68"><Data ss:Type="String">CX.4 / (CX.4,CX.9,CX.10)</Data></Cell>
    <Cell ss:StyleID="s68"><Data ss:Type="String">./IdentifierIssuingAuthority</Data></Cell>
    <Cell ss:StyleID="Default"/>
    <Cell ss:StyleID="Default"/>
   </Row>
  </Table>
  <WorksheetOptions xmlns="urn:schemas-microsoft-com:office:excel">
   <PageSetup>
    <Header x:Margin="0.3"/>
    <Footer x:Margin="0.3"/>
    <PageMargins x:Bottom="0.75" x:Left="0.7" x:Right="0.7" x:Top="0.75"/>
   </PageSetup>
   <Unsynced/>
   <Selected/>
   <FreezePanes/>
   <SplitHorizontal>1</SplitHorizontal>
   <TopRowBottomPane>1</TopRowBottomPane>
   <SplitVertical>5</SplitVertical>
   <LeftColumnRightPane>5</LeftColumnRightPane>
   <ActivePane>0</ActivePane>
   <Panes>
    <Pane>
     <Number>3</Number>
    </Pane>
    <Pane>
     <Number>1</Number>
     <ActiveCol>4</ActiveCol>
    </Pane>
    <Pane>
     <Number>2</Number>
     <ActiveRow>0</ActiveRow>
    </Pane>
    <Pane>
     <Number>0</Number>
     <ActiveRow>7</ActiveRow>
     <ActiveCol>6</ActiveCol>
    </Pane>
   </Panes>
   <ProtectObjects>False</ProtectObjects>
   <ProtectScenarios>False</ProtectScenarios>
  </WorksheetOptions>
 </Worksheet>
 <Worksheet ss:Name="Invariants">
  <Table ss:ExpandedColumnCount="7" ss:ExpandedRowCount="2" x:FullColumns="1"
   x:FullRows="1" ss:StyleID="s69" ss:DefaultRowHeight="15">
   <Column ss:Index="2" ss:StyleID="s69" ss:AutoFitWidth="0" ss:Width="102"
    ss:Span="1"/>
   <Column ss:Index="4" ss:StyleID="s69" ss:AutoFitWidth="0" ss:Width="386.25"/>
   <Column ss:StyleID="s69" ss:AutoFitWidth="0" ss:Width="75"/>
   <Column ss:StyleID="s69" ss:AutoFitWidth="0" ss:Width="347.25"/>
   <Column ss:StyleID="s69" ss:AutoFitWidth="0" ss:Width="292.5"/>
   <Row ss:AutoFitHeight="0" ss:StyleID="s65">
    <Cell><Data ss:Type="String">Id</Data></Cell>
    <Cell><Data ss:Type="String">Name</Data></Cell>
    <Cell><Data ss:Type="String">Context</Data></Cell>
    <Cell><Data ss:Type="String">English</Data></Cell>
    <Cell><Data ss:Type="String">only-if-no-dar</Data></Cell>
    <Cell><Data ss:Type="String">OCL</Data></Cell>
    <Cell><Data ss:Type="String">XPath</Data></Cell>
   </Row>
   <Row ss:AutoFitHeight="0">
    <Cell ss:Index="4" ss:StyleID="Default"/>
    <Cell ss:StyleID="Default"/>
   </Row>
  </Table>
  <WorksheetOptions xmlns="urn:schemas-microsoft-com:office:excel">
   <PageSetup>
    <Header x:Margin="0.3"/>
    <Footer x:Margin="0.3"/>
    <PageMargins x:Bottom="0.75" x:Left="0.7" x:Right="0.7" x:Top="0.75"/>
   </PageSetup>
   <Unsynced/>
   <Panes>
    <Pane>
     <Number>3</Number>
     <ActiveRow>1</ActiveRow>
     <RangeSelection>R2:R3</RangeSelection>
    </Pane>
   </Panes>
   <ProtectObjects>False</ProtectObjects>
   <ProtectScenarios>False</ProtectScenarios>
  </WorksheetOptions>
 </Worksheet>
 <Worksheet ss:Name="Bindings">
  <Table ss:ExpandedColumnCount="5" ss:ExpandedRowCount="2" x:FullColumns="1"
   x:FullRows="1" ss:DefaultRowHeight="15">
   <Column ss:AutoFitWidth="0" ss:Width="86.25"/>
   <Column ss:AutoFitWidth="0" ss:Width="220.5"/>
   <Column ss:AutoFitWidth="0" ss:Width="57"/>
   <Column ss:AutoFitWidth="0" ss:Width="139.5"/>
   <Row ss:AutoFitHeight="0" ss:Height="30">
    <Cell ss:StyleID="s65"><Data ss:Type="String">Binding Name</Data></Cell>
    <Cell ss:StyleID="s65"><Data ss:Type="String">Definition</Data></Cell>
    <Cell ss:StyleID="s65"><Data ss:Type="String">Binding</Data></Cell>
    <Cell ss:StyleID="s65"><Data ss:Type="String">Reference</Data></Cell>
    <Cell ss:StyleID="s65"><Data ss:Type="String">Description</Data></Cell>
   </Row>
   <Row ss:AutoFitHeight="0" ss:Height="15.75">
    <Cell ss:StyleID="s70"><Data ss:Type="String">IdentifierUse</Data></Cell>
    <Cell ss:StyleID="s63"><Data ss:Type="String">Identifies the purpose for this identifier, if known&#10;</Data></Cell>
    <Cell ss:StyleID="s70"><Data ss:Type="String">code list</Data></Cell>
    <Cell ss:StyleID="s70"><Data ss:Type="String">#identifier-use</Data></Cell>
   </Row>
  </Table>
  <WorksheetOptions xmlns="urn:schemas-microsoft-com:office:excel">
   <PageSetup>
    <Header x:Margin="0.3"/>
    <Footer x:Margin="0.3"/>
    <PageMargins x:Bottom="0.75" x:Left="0.7" x:Right="0.7" x:Top="0.75"/>
   </PageSetup>
   <Unsynced/>
   <Panes>
    <Pane>
     <Number>3</Number>
     <ActiveRow>2</ActiveRow>
     <ActiveCol>1</ActiveCol>
    </Pane>
   </Panes>
   <ProtectObjects>False</ProtectObjects>
   <ProtectScenarios>False</ProtectScenarios>
  </WorksheetOptions>
 </Worksheet>
 <Worksheet ss:Name="identifier-use">
  <Table ss:ExpandedColumnCount="7" ss:ExpandedRowCount="5" x:FullColumns="1"
   x:FullRows="1" ss:DefaultRowHeight="15">
   <Column ss:Index="2" ss:AutoFitWidth="0" ss:Width="64.5"/>
   <Column ss:AutoFitWidth="0" ss:Width="485.25"/>
   <Row ss:AutoFitHeight="0">
    <Cell><Data ss:Type="String">Id</Data></Cell>
    <Cell ss:StyleID="s65"><Data ss:Type="String">Code</Data></Cell>
    <Cell ss:StyleID="s65"><Data ss:Type="String">Definition</Data></Cell>
    <Cell ss:StyleID="s65"><Data ss:Type="String">Comments</Data></Cell>
    <Cell ss:StyleID="s65"/>
    <Cell ss:StyleID="s65"/>
    <Cell ss:StyleID="s65"/>
   </Row>
   <Row ss:AutoFitHeight="0">
    <Cell><Data ss:Type="Number">1</Data></Cell>
    <Cell ss:StyleID="s72"><Data ss:Type="String">usual</Data></Cell>
    <Cell ss:StyleID="s73"><Data ss:Type="String">the identifier recommended for display and use in real-world interactions</Data></Cell>
   </Row>
   <Row ss:AutoFitHeight="0">
    <Cell><Data ss:Type="Number">2</Data></Cell>
    <Cell ss:StyleID="s72"><Data ss:Type="String">official</Data></Cell>
    <Cell ss:StyleID="s73"><Data ss:Type="String">the identifier considered to be most trusted for the identification of this item</Data></Cell>
   </Row>
   <Row ss:AutoFitHeight="0">
    <Cell><Data ss:Type="Number">3</Data></Cell>
    <Cell ss:StyleID="s72"><Data ss:Type="String">temp</Data></Cell>
    <Cell ss:StyleID="s73"><Data ss:Type="String">A temporary identifier</Data></Cell>
   </Row>
   <Row ss:AutoFitHeight="0">
    <Cell><Data ss:Type="Number">4</Data></Cell>
    <Cell ss:StyleID="s72"><Data ss:Type="String">secondary</Data></Cell>
    <Cell ss:StyleID="s73"><Data ss:Type="String">An identifier that was assigned in secondary use - it serves to identify the object in a relative context, but cannot be consistently assigned to the same object again in a different context</Data></Cell>
    <Cell><Data ss:Type="String">Unfortunately, this is a common problem that arises in data exchange, where information is not identified in some formats, but some identification must be assigned in other formats</Data></Cell>
   </Row>
  </Table>
  <WorksheetOptions xmlns="urn:schemas-microsoft-com:office:excel">
   <PageSetup>
    <Header x:Margin="0.3"/>
    <Footer x:Margin="0.3"/>
    <PageMargins x:Bottom="0.75" x:Left="0.7" x:Right="0.7" x:Top="0.75"/>
   </PageSetup>
   <Unsynced/>
   <Panes>
    <Pane>
     <Number>3</Number>
     <ActiveRow>1</ActiveRow>
     <ActiveCol>1</ActiveCol>
     <RangeSelection>R2C2:R5C2</RangeSelection>
    </Pane>
   </Panes>
   <ProtectObjects>False</ProtectObjects>
   <ProtectScenarios>False</ProtectScenarios>
  </WorksheetOptions>
 </Worksheet>
</Workbook>
