<?xml version="1.0"?>
<?mso-application progid="Excel.Sheet"?>
<Workbook xmlns="urn:schemas-microsoft-com:office:spreadsheet"
 xmlns:o="urn:schemas-microsoft-com:office:office"
 xmlns:x="urn:schemas-microsoft-com:office:excel"
 xmlns:ss="urn:schemas-microsoft-com:office:spreadsheet"
 xmlns:html="http://www.w3.org/TR/REC-html40">
 <DocumentProperties xmlns="urn:schemas-microsoft-com:office:office">
  <Author>Grahame</Author>
  <LastAuthor>Lloyd McKenzie</LastAuthor>
  <Created>2012-03-19T11:21:04Z</Created>
  <LastSaved>2012-07-14T16:02:18Z</LastSaved>
  <Version>14.00</Version>
 </DocumentProperties>
 <OfficeDocumentSettings xmlns="urn:schemas-microsoft-com:office:office">
  <AllowPNG/>
 </OfficeDocumentSettings>
 <ExcelWorkbook xmlns="urn:schemas-microsoft-com:office:excel">
  <WindowHeight>8055</WindowHeight>
  <WindowWidth>24195</WindowWidth>
  <WindowTopX>4080</WindowTopX>
  <WindowTopY>4365</WindowTopY>
  <ActiveSheet>1</ActiveSheet>
  <ProtectStructure>False</ProtectStructure>
  <ProtectWindows>False</ProtectWindows>
 </ExcelWorkbook>
 <Styles>
  <Style ss:ID="Default" ss:Name="Normal">
   <Alignment ss:Vertical="Bottom"/>
   <Borders/>
   <Font ss:FontName="Calibri" x:Family="Swiss" ss:Size="11" ss:Color="#000000"/>
   <Interior/>
   <NumberFormat/>
   <Protection/>
  </Style>
  <Style ss:ID="s62" ss:Name="Normal 2">
   <Alignment ss:Vertical="Bottom"/>
   <Borders/>
   <Font ss:FontName="Calibri" x:Family="Swiss" ss:Size="11" ss:Color="#000000"/>
   <Interior/>
   <NumberFormat/>
   <Protection/>
  </Style>
  <Style ss:ID="s63">
   <Alignment ss:Horizontal="Left" ss:Vertical="Top" ss:ShrinkToFit="1"
    ss:WrapText="1"/>
  </Style>
  <Style ss:ID="s64">
   <Alignment ss:Horizontal="Left" ss:Vertical="Top" ss:ShrinkToFit="1"
    ss:WrapText="1"/>
   <Font ss:FontName="Calibri" x:Family="Swiss" ss:Size="11" ss:Color="#000000"
    ss:Bold="1"/>
  </Style>
  <Style ss:ID="s65">
   <Alignment ss:Horizontal="Left" ss:Vertical="Top" ss:ShrinkToFit="1"
    ss:WrapText="1"/>
   <Borders>
    <Border ss:Position="Bottom" ss:LineStyle="Continuous" ss:Weight="1"/>
   </Borders>
   <Font ss:FontName="Calibri" x:Family="Swiss" ss:Size="11" ss:Color="#000000"
    ss:Bold="1"/>
   <Interior ss:Color="#EEECE1" ss:Pattern="Solid"/>
  </Style>
  <Style ss:ID="s66">
   <Alignment ss:Horizontal="Left" ss:Vertical="Top" ss:ShrinkToFit="1"
    ss:WrapText="1"/>
   <Interior ss:Color="#D9D9D9" ss:Pattern="Solid"/>
  </Style>
  <Style ss:ID="s67">
   <Alignment ss:Vertical="Bottom" ss:ShrinkToFit="1" ss:WrapText="1"/>
  </Style>
  <Style ss:ID="s68">
   <Alignment ss:Vertical="Top"/>
  </Style>
  <Style ss:ID="s69">
   <Alignment ss:Vertical="Top" ss:WrapText="1"/>
  </Style>
  <Style ss:ID="s71" ss:Parent="s62">
   <Alignment ss:Vertical="Top"/>
   <Borders/>
   <Font ss:FontName="Calibri" x:Family="Swiss" ss:Size="11" ss:Color="#000000"/>
   <Interior/>
   <NumberFormat/>
   <Protection/>
  </Style>
  <Style ss:ID="s72" ss:Parent="s62">
   <Alignment ss:Vertical="Top" ss:WrapText="1"/>
   <Borders/>
   <Font ss:FontName="Calibri" x:Family="Swiss" ss:Size="11" ss:Color="#000000"/>
   <Interior/>
   <NumberFormat/>
   <Protection/>
  </Style>
 </Styles>
 <Worksheet ss:Name="Data Elements">
  <Table ss:ExpandedColumnCount="14" ss:ExpandedRowCount="4" x:FullColumns="1"
   x:FullRows="1" ss:StyleID="s63" ss:DefaultRowHeight="15">
   <Column ss:StyleID="s64" ss:AutoFitWidth="0" ss:Width="150.75"/>
   <Column ss:StyleID="s63" ss:AutoFitWidth="0" ss:Width="32.25"/>
   <Column ss:StyleID="s63" ss:AutoFitWidth="0" ss:Width="33"/>
   <Column ss:StyleID="s63" ss:AutoFitWidth="0" ss:Width="56.25"/>
   <Column ss:StyleID="s63" ss:AutoFitWidth="0" ss:Width="82.5"/>
   <Column ss:StyleID="s63" ss:AutoFitWidth="0" ss:Width="213.75" ss:Span="1"/>
   <Column ss:Index="8" ss:StyleID="s63" ss:AutoFitWidth="0" ss:Width="161.25"
    ss:Span="1"/>
   <Column ss:Index="10" ss:StyleID="s63" ss:AutoFitWidth="0" ss:Width="114"/>
   <Column ss:StyleID="s63" ss:AutoFitWidth="0" ss:Width="135" ss:Span="1"/>
   <Row ss:AutoFitHeight="0" ss:Height="30" ss:StyleID="s65">
    <Cell><Data ss:Type="String">Element</Data></Cell>
    <Cell><Data ss:Type="String">Card.</Data></Cell>
    <Cell><Data ss:Type="String">Inv.</Data></Cell>
    <Cell><Data ss:Type="String">Type</Data></Cell>
    <Cell><Data ss:Type="String">Binding</Data></Cell>
    <Cell><Data ss:Type="String">Short Name</Data></Cell>
    <Cell><Data ss:Type="String">Definition</Data></Cell>
    <Cell><Data ss:Type="String">Requirements</Data></Cell>
    <Cell><Data ss:Type="String">Comments</Data></Cell>
    <Cell><Data ss:Type="String">Condition</Data></Cell>
    <Cell><Data ss:Type="String">RIM Mapping</Data></Cell>
    <Cell><Data ss:Type="String">v2 Mapping</Data></Cell>
    <Cell><Data ss:Type="String">To Do</Data></Cell>
    <Cell><Data ss:Type="String">Committee Notes</Data></Cell>
   </Row>
   <Row ss:AutoFitHeight="0" ss:Height="30">
    <Cell><Data ss:Type="String">Narrative</Data></Cell>
    <Cell ss:StyleID="s66"/>
    <Cell ss:StyleID="s66"/>
    <Cell><Data ss:Type="String">Type</Data></Cell>
    <Cell ss:Index="6"><Data ss:Type="String">A human-readable formatted text, including images</Data></Cell>
    <Cell><Data ss:Type="String">A human-readable formatted text, including images</Data></Cell>
    <Cell ss:Index="11"><Data ss:Type="String">N/A</Data></Cell>
   </Row>
   <Row ss:AutoFitHeight="0" ss:Height="90">
    <Cell><Data ss:Type="String">Narrative.status</Data></Cell>
    <Cell><Data ss:Type="String">1..1</Data></Cell>
    <Cell ss:Index="4"><Data ss:Type="String">code</Data></Cell>
    <Cell><Data ss:Type="String">NarrativeStatus</Data></Cell>
    <Cell><Data ss:Type="String">generated | extensions | additional</Data></Cell>
    <Cell><Data ss:Type="String">The status of the narrative - whether it's entirely generated (from just the defined data or the extensions too), or whether a human authored it and it may contain additional data</Data></Cell>
    <Cell ss:Index="11"><Data ss:Type="String">N/A</Data></Cell>
   </Row>
   <Row ss:AutoFitHeight="0" ss:Height="195">
    <Cell><Data ss:Type="String">Narrative.div</Data></Cell>
    <Cell><Data ss:Type="String">1..1</Data></Cell>
    <Cell ss:Index="4"><Data ss:Type="String">xhtml</Data></Cell>
    <Cell ss:Index="6"><Data ss:Type="String">Limited xhtml content</Data></Cell>
    <Cell><Data ss:Type="String">The actual narrative content, a stripped down version of XHTML</Data></Cell>
    <Cell ss:Index="9"><Data ss:Type="String">The contents of the html element are an XHTML fragment containing only the basic html formatting elements described in chapters 7-11 and 15 of the HTML 4.0 standard, &lt;a&gt; elements (either name or href), images and internally contained stylesheets. The XHTML content may not contain a head, a body, external stylesheet references, scripts, forms, base/link/xlink, frames, iframes and objects. </Data></Cell>
    <Cell ss:Index="11"><Data ss:Type="String">N/A</Data></Cell>
   </Row>
  </Table>
  <WorksheetOptions xmlns="urn:schemas-microsoft-com:office:excel">
   <PageSetup>
    <Header x:Margin="0.3"/>
    <Footer x:Margin="0.3"/>
    <PageMargins x:Bottom="0.75" x:Left="0.7" x:Right="0.7" x:Top="0.75"/>
   </PageSetup>
   <Unsynced/>
   <FreezePanes/>
   <FrozenNoSplit/>
   <SplitHorizontal>1</SplitHorizontal>
   <TopRowBottomPane>1</TopRowBottomPane>
   <SplitVertical>1</SplitVertical>
   <LeftColumnRightPane>1</LeftColumnRightPane>
   <ActivePane>0</ActivePane>
   <Panes>
    <Pane>
     <Number>3</Number>
    </Pane>
    <Pane>
     <Number>1</Number>
    </Pane>
    <Pane>
     <Number>2</Number>
    </Pane>
    <Pane>
     <Number>0</Number>
     <ActiveRow>2</ActiveRow>
     <ActiveCol>6</ActiveCol>
    </Pane>
   </Panes>
   <ProtectObjects>False</ProtectObjects>
   <ProtectScenarios>False</ProtectScenarios>
  </WorksheetOptions>
 </Worksheet>
 <Worksheet ss:Name="Invariants">
  <Table ss:ExpandedColumnCount="6" ss:ExpandedRowCount="4" x:FullColumns="1"
   x:FullRows="1" ss:StyleID="s67" ss:DefaultRowHeight="15">
   <Column ss:Index="2" ss:StyleID="s67" ss:AutoFitWidth="0" ss:Width="51"
    ss:Span="1"/>
   <Column ss:Index="4" ss:StyleID="s67" ss:AutoFitWidth="0" ss:Width="198"/>
   <Column ss:StyleID="s67" ss:AutoFitWidth="0" ss:Width="219.75"/>
   <Column ss:StyleID="s67" ss:AutoFitWidth="0" ss:Width="220.5"/>
   <Row ss:AutoFitHeight="0" ss:StyleID="s65">
    <Cell><Data ss:Type="String">Id</Data></Cell>
    <Cell><Data ss:Type="String">Name</Data></Cell>
    <Cell><Data ss:Type="String">Context</Data></Cell>
    <Cell><Data ss:Type="String">English</Data></Cell>
    <Cell><Data ss:Type="String">OCL</Data></Cell>
    <Cell><Data ss:Type="String">XPath</Data></Cell>
   </Row>
   <Row ss:AutoFitHeight="0">
    <Cell><Data ss:Type="Number">1</Data></Cell>
    <Cell ss:Index="3"><Data ss:Type="String">Narrative.div</Data></Cell>
    <Cell><Data ss:Type="String">The narrative SHALL contain only the basic html formatting elements described in chapters 7-11 (except section 4 of chapter 9) and 15 of the HTML 4.0 standard, &lt;a&gt; elements (either name or href), images and internally contained style attributes</Data></Cell>
    <Cell ss:Index="6"><Data ss:Type="String">not(descendant-or-self::*[not(local-name(.)=('a', 'abbr', 'acronym', 'b', 'big', 'blockquote', 'br', 'caption', 'cite', 'code', 'colgroup', 'dd', 'dfn', 'div', 'dl', 'dt', 'em', 'h1', 'h2', 'h3', 'h4', 'h5', 'h6', 'hr', 'i', 'li', 'ol', 'p', 'pre', 'q', 'samp', 'small', 'span', 'strong', 'table', 'tbody', 'td', 'tfoot', 'th', 'thead', 'tr', 'tt', 'ul', 'var'))])</Data></Cell>
   </Row>
   <Row ss:AutoFitHeight="0">
    <Cell><Data ss:Type="Number">2</Data></Cell>
    <Cell ss:Index="3"><Data ss:Type="String">Narrative.div</Data></Cell>
    <Cell><Data ss:Type="String">The narrative SHALL have some non-whitespace content</Data></Cell>
    <Cell ss:Index="6"><Data ss:Type="String">descendant::text()[normalize-space(.)!=''] or descendant::html:img[@src]</Data></Cell>
   </Row>
   <Row ss:AutoFitHeight="0">
    <Cell><Data ss:Type="Number">3</Data></Cell>
    <Cell ss:Index="3"><Data ss:Type="String">Narrative.div</Data></Cell>
    <Cell><Data ss:Type="String">The narrative SHALL contain only the basic html formatting attributes described in chapters 7-11 (except section 4 of chapter 9) and 15 of the HTML 4.0 standard, &lt;a&gt; elements (either name or href), images and internally contained style attributes</Data></Cell>
    <Cell ss:Index="6"><Data ss:Type="String">not(descendant-or-self::*/@*[not(name(.)=('abbr', 'accesskey', 'align', 'alt', 'axis', 'bgcolor', 'border', 'cellhalign', 'cellpadding', 'cellspacing', 'cellvalign', 'char', 'charoff', 'charset', 'cite', 'class', 'colspan', 'compact', 'coords', 'dir', 'frame', 'headers', 'height', 'href', 'hreflang', 'hspace', 'id', 'lang', 'longdesc', 'name', 'nowrap', 'rel', 'rev', 'rowspan', 'rules', 'scope', 'shape', 'span', 'src', 'start', 'style', 'summary', 'tabindex', 'title', 'type', 'valign', 'value', 'vspace', 'width'))])  </Data></Cell>
   </Row>
  </Table>
  <WorksheetOptions xmlns="urn:schemas-microsoft-com:office:excel">
   <PageSetup>
    <Header x:Margin="0.3"/>
    <Footer x:Margin="0.3"/>
    <PageMargins x:Bottom="0.75" x:Left="0.7" x:Right="0.7" x:Top="0.75"/>
   </PageSetup>
   <Unsynced/>
   <Selected/>
   <Panes>
    <Pane>
     <Number>3</Number>
     <ActiveRow>9</ActiveRow>
     <ActiveCol>7</ActiveCol>
    </Pane>
   </Panes>
   <ProtectObjects>False</ProtectObjects>
   <ProtectScenarios>False</ProtectScenarios>
  </WorksheetOptions>
 </Worksheet>
 <Worksheet ss:Name="Bindings">
  <Table ss:ExpandedColumnCount="5" ss:ExpandedRowCount="2" x:FullColumns="1"
   x:FullRows="1" ss:StyleID="s68" ss:DefaultRowHeight="15">
   <Column ss:StyleID="s68" ss:AutoFitWidth="0" ss:Width="106.5"/>
   <Column ss:StyleID="s68" ss:AutoFitWidth="0" ss:Width="189.75"/>
   <Column ss:StyleID="s68" ss:AutoFitWidth="0" ss:Width="54.75"/>
   <Column ss:StyleID="s68" ss:AutoFitWidth="0" ss:Width="122.25"/>
   <Column ss:StyleID="s68" ss:AutoFitWidth="0" ss:Width="325.5"/>
   <Row ss:AutoFitHeight="0">
    <Cell ss:StyleID="s65"><Data ss:Type="String">Binding Name</Data></Cell>
    <Cell ss:StyleID="s65"><Data ss:Type="String">Definition</Data></Cell>
    <Cell ss:StyleID="s65"><Data ss:Type="String">Binding</Data></Cell>
    <Cell ss:StyleID="s65"><Data ss:Type="String">Reference</Data></Cell>
    <Cell ss:StyleID="s65"><Data ss:Type="String">Description</Data></Cell>
   </Row>
   <Row ss:AutoFitHeight="0">
    <Cell ss:StyleID="s69"><Data ss:Type="String">NarrativeStatus</Data></Cell>
    <Cell ss:StyleID="s69"><Data ss:Type="String">The status of a resource narrative</Data></Cell>
    <Cell ss:StyleID="s69"><Data ss:Type="String">code list</Data></Cell>
    <Cell ss:StyleID="s69"><Data ss:Type="String">#narrative-status</Data></Cell>
   </Row>
  </Table>
  <WorksheetOptions xmlns="urn:schemas-microsoft-com:office:excel">
   <PageSetup>
    <Header x:Margin="0.3"/>
    <Footer x:Margin="0.3"/>
    <PageMargins x:Bottom="0.75" x:Left="0.7" x:Right="0.7" x:Top="0.75"/>
   </PageSetup>
   <Unsynced/>
   <Panes>
    <Pane>
     <Number>3</Number>
     <ActiveRow>3</ActiveRow>
     <ActiveCol>3</ActiveCol>
    </Pane>
   </Panes>
   <ProtectObjects>False</ProtectObjects>
   <ProtectScenarios>False</ProtectScenarios>
  </WorksheetOptions>
 </Worksheet>
 <Worksheet ss:Name="narrative-status">
  <Table ss:ExpandedColumnCount="7" ss:ExpandedRowCount="5" x:FullColumns="1"
   x:FullRows="1" ss:StyleID="s68" ss:DefaultRowHeight="15">
   <Column ss:Index="2" ss:StyleID="s68" ss:Width="56.25"/>
   <Column ss:StyleID="s69" ss:AutoFitWidth="0" ss:Width="454.5"/>
   <Row ss:AutoFitHeight="0">
    <Cell><Data ss:Type="String">Id</Data></Cell>
    <Cell ss:StyleID="s65"><Data ss:Type="String">Code</Data></Cell>
    <Cell ss:StyleID="s65"><Data ss:Type="String">Definition</Data></Cell>
    <Cell ss:StyleID="s65"/>
    <Cell ss:StyleID="s65"/>
    <Cell ss:StyleID="s65"/>
    <Cell ss:StyleID="s65"/>
   </Row>
   <Row ss:AutoFitHeight="0">
    <Cell><Data ss:Type="Number">1</Data></Cell>
    <Cell ss:StyleID="s71"><Data ss:Type="String">generated</Data></Cell>
    <Cell ss:StyleID="s72"><Data ss:Type="String">The contents of the narrative are entirely generated from the structured data in the resource.</Data></Cell>
   </Row>
   <Row ss:AutoFitHeight="0" ss:Height="30">
    <Cell><Data ss:Type="Number">2</Data></Cell>
    <Cell ss:StyleID="s71"><Data ss:Type="String">extensions</Data></Cell>
    <Cell ss:StyleID="s72"><Data ss:Type="String">The contents of the narrative are entirely generated from the structured data in the resource and some of the content is generated from extensions</Data></Cell>
   </Row>
   <Row ss:AutoFitHeight="0">
    <Cell><Data ss:Type="Number">3</Data></Cell>
    <Cell ss:StyleID="s71"><Data ss:Type="String">additional</Data></Cell>
    <Cell ss:StyleID="s72"><Data ss:Type="String">The contents of the narrative contain additional information not found in the structured data</Data></Cell>
   </Row>
   <Row ss:AutoFitHeight="0">
    <Cell><Data ss:Type="Number">4</Data></Cell>
    <Cell><Data ss:Type="String">empty</Data></Cell>
    <Cell><Data ss:Type="String">the contents of the narrative are some equivalent of &quot;No human-readable text provided for this resource&quot;</Data></Cell>
   </Row>
  </Table>
  <WorksheetOptions xmlns="urn:schemas-microsoft-com:office:excel">
   <PageSetup>
    <Header x:Margin="0.3"/>
    <Footer x:Margin="0.3"/>
    <PageMargins x:Bottom="0.75" x:Left="0.7" x:Right="0.7" x:Top="0.75"/>
   </PageSetup>
   <Unsynced/>
   <Panes>
    <Pane>
     <Number>3</Number>
     <ActiveRow>3</ActiveRow>
    </Pane>
   </Panes>
   <ProtectObjects>False</ProtectObjects>
   <ProtectScenarios>False</ProtectScenarios>
  </WorksheetOptions>
 </Worksheet>
</Workbook>
