<?xml version="1.0"?>
<?mso-application progid="Excel.Sheet"?>
<Workbook xmlns="urn:schemas-microsoft-com:office:spreadsheet"
 xmlns:o="urn:schemas-microsoft-com:office:office"
 xmlns:x="urn:schemas-microsoft-com:office:excel"
 xmlns:ss="urn:schemas-microsoft-com:office:spreadsheet"
 xmlns:html="http://www.w3.org/TR/REC-html40">
 <DocumentProperties xmlns="urn:schemas-microsoft-com:office:office">
  <Author>Grahame</Author>
  <LastAuthor>Grahame</LastAuthor>
  <Created>2012-03-19T11:21:43Z</Created>
  <LastSaved>2012-03-21T11:16:42Z</LastSaved>
  <Version>14.00</Version>
 </DocumentProperties>
 <OfficeDocumentSettings xmlns="urn:schemas-microsoft-com:office:office">
  <AllowPNG/>
 </OfficeDocumentSettings>
 <ExcelWorkbook xmlns="urn:schemas-microsoft-com:office:excel">
  <WindowHeight>7080</WindowHeight>
  <WindowWidth>23835</WindowWidth>
  <WindowTopX>4470</WindowTopX>
  <WindowTopY>3375</WindowTopY>
  <ProtectStructure>False</ProtectStructure>
  <ProtectWindows>False</ProtectWindows>
 </ExcelWorkbook>
 <Styles>
  <Style ss:ID="Default" ss:Name="Normal">
   <Alignment ss:Vertical="Bottom"/>
   <Borders/>
   <Font ss:FontName="Calibri" x:Family="Swiss" ss:Size="11" ss:Color="#000000"/>
   <Interior/>
   <NumberFormat/>
   <Protection/>
  </Style>
  <Style ss:ID="s62">
   <Alignment ss:Horizontal="Left" ss:Vertical="Top" ss:ShrinkToFit="1"
    ss:WrapText="1"/>
  </Style>
  <Style ss:ID="s63">
   <Alignment ss:Horizontal="Left" ss:Vertical="Top" ss:ShrinkToFit="1"
    ss:WrapText="1"/>
   <Font ss:FontName="Calibri" x:Family="Swiss" ss:Size="11" ss:Color="#000000"
    ss:Bold="1"/>
  </Style>
  <Style ss:ID="s64">
   <Alignment ss:Horizontal="Left" ss:Vertical="Top" ss:ShrinkToFit="1"
    ss:WrapText="1"/>
   <Borders>
    <Border ss:Position="Bottom" ss:LineStyle="Continuous" ss:Weight="1"/>
   </Borders>
   <Font ss:FontName="Calibri" x:Family="Swiss" ss:Size="11" ss:Color="#000000"
    ss:Bold="1"/>
   <Interior ss:Color="#EEECE1" ss:Pattern="Solid"/>
  </Style>
  <Style ss:ID="s65">
   <Alignment ss:Horizontal="Left" ss:Vertical="Top" ss:ShrinkToFit="1"
    ss:WrapText="1"/>
   <Interior ss:Color="#D9D9D9" ss:Pattern="Solid"/>
  </Style>
  <Style ss:ID="s66">
   <Alignment ss:Vertical="Bottom" ss:ShrinkToFit="1" ss:WrapText="1"/>
  </Style>
  <Style ss:ID="s68">
   <Alignment ss:Vertical="Bottom" ss:ShrinkToFit="1" ss:WrapText="1"/>
   <Borders/>
   <Font ss:FontName="Calibri" x:Family="Swiss" ss:Size="11" ss:Color="#000000"/>
   <Interior/>
   <NumberFormat/>
   <Protection/>
  </Style>
 </Styles>
 <Worksheet ss:Name="Data Elements">
  <Table ss:ExpandedColumnCount="14" ss:ExpandedRowCount="4" x:FullColumns="1"
   x:FullRows="1" ss:StyleID="s62" ss:DefaultRowHeight="15">
   <Column ss:StyleID="s63" ss:AutoFitWidth="0" ss:Width="75.75"/>
   <Column ss:StyleID="s62" ss:AutoFitWidth="0" ss:Width="36.75"/>
   <Column ss:StyleID="s62" ss:AutoFitWidth="0" ss:Width="23.25"/>
   <Column ss:StyleID="s62" ss:AutoFitWidth="0" ss:Width="34.5"/>
   <Column ss:StyleID="s62" ss:AutoFitWidth="0" ss:Width="65.25"/>
   <Column ss:StyleID="s62" ss:AutoFitWidth="0" ss:Width="82.5"/>
   <Column ss:StyleID="s62" ss:AutoFitWidth="0" ss:Width="213.75" ss:Span="1"/>
   <Column ss:Index="9" ss:StyleID="s62" ss:AutoFitWidth="0" ss:Width="161.25"
    ss:Span="1"/>
   <Column ss:Index="11" ss:StyleID="s62" ss:AutoFitWidth="0" ss:Width="135"
    ss:Span="1"/>
   <Row ss:AutoFitHeight="0" ss:Height="30" ss:StyleID="s64">
    <Cell><Data ss:Type="String">Element</Data></Cell>
    <Cell><Data ss:Type="String">Card.</Data></Cell>
    <Cell><Data ss:Type="String">Inv.</Data></Cell>
    <Cell><Data ss:Type="String">Must Understand</Data></Cell>
    <Cell><Data ss:Type="String">Type</Data></Cell>
    <Cell><Data ss:Type="String">Concept Domain</Data></Cell>
    <Cell><Data ss:Type="String">Short Name</Data></Cell>
    <Cell><Data ss:Type="String">Definition</Data></Cell>
    <Cell><Data ss:Type="String">Requirements</Data></Cell>
    <Cell><Data ss:Type="String">Comments</Data></Cell>
    <Cell><Data ss:Type="String">RIM Mapping</Data></Cell>
    <Cell><Data ss:Type="String">v2 Mapping</Data></Cell>
    <Cell><Data ss:Type="String">To Do</Data></Cell>
    <Cell><Data ss:Type="String">Committee Notes</Data></Cell>
   </Row>
   <Row ss:AutoFitHeight="0" ss:Height="210.75">
    <Cell><Data ss:Type="String">Range</Data></Cell>
    <Cell ss:StyleID="s65"/>
    <Cell ss:StyleID="s65"/>
    <Cell ss:StyleID="s65"/>
    <Cell><Data ss:Type="String">Type</Data></Cell>
    <Cell ss:Index="7"><Data ss:Type="String">Set of values bounded by low and high</Data></Cell>
    <Cell><Data ss:Type="String">A set of ordered Quantities defined by a low and high limit. </Data></Cell>
    <Cell><Data ss:Type="String">Need to be able to specify ranges of values</Data></Cell>
    <Cell><Data ss:Type="String">The stated low and high value are assumed to have arbitrarily high precision when it comes to determining which values are in the range. I.e. 1.99 is not in the range 2 -&gt; 3</Data></Cell>
    <Cell><Data ss:Type="String">IVL&lt;QTY[not(type=&quot;TS&quot;)]&gt; [lowClosed=&quot;true&quot; and highClosed=&quot;true&quot;]or URG&lt;QTY[not(type=&quot;TS&quot;)]&gt;</Data></Cell>
    <Cell><Data ss:Type="String">NR and also possibly SN (but see also quantity)</Data></Cell>
   </Row>
   <Row ss:AutoFitHeight="0" ss:Height="75">
    <Cell><Data ss:Type="String">Range.low</Data></Cell>
    <Cell><Data ss:Type="String">0..1</Data></Cell>
    <Cell><Data ss:Type="String">2,3</Data></Cell>
    <Cell ss:Index="5"><Data ss:Type="String">Quantity</Data></Cell>
    <Cell ss:Index="7"><Data ss:Type="String">Low limit </Data></Cell>
    <Cell><Data ss:Type="String">The low limit. The boundary is inclusive.</Data></Cell>
    <Cell ss:Index="10"><Data ss:Type="String">If the low element is missing, the low boundary is not known.</Data></Cell>
    <Cell><Data ss:Type="String">./low</Data></Cell>
    <Cell><Data ss:Type="String">NR.1</Data></Cell>
   </Row>
   <Row ss:AutoFitHeight="0" ss:Height="195">
    <Cell><Data ss:Type="String">Range.high</Data></Cell>
    <Cell><Data ss:Type="String">0..1</Data></Cell>
    <Cell><Data ss:Type="String">2,3</Data></Cell>
    <Cell ss:Index="5"><Data ss:Type="String">Quantity</Data></Cell>
    <Cell ss:Index="7"><Data ss:Type="String">High limit </Data></Cell>
    <Cell><Data ss:Type="String">The high limit. The boundary is inclusive. </Data></Cell>
    <Cell ss:Index="10"><Data ss:Type="String">If the high element is missing, the high boundary is not known. </Data></Cell>
    <Cell><Data ss:Type="String">./high</Data></Cell>
    <Cell><Data ss:Type="String">NR.2</Data></Cell>
   </Row>
  </Table>
  <WorksheetOptions xmlns="urn:schemas-microsoft-com:office:excel">
   <PageSetup>
    <Header x:Margin="0.3"/>
    <Footer x:Margin="0.3"/>
    <PageMargins x:Bottom="0.75" x:Left="0.7" x:Right="0.7" x:Top="0.75"/>
   </PageSetup>
   <Unsynced/>
   <Selected/>
   <Panes>
    <Pane>
     <Number>3</Number>
     <ActiveRow>4</ActiveRow>
     <ActiveCol>9</ActiveCol>
    </Pane>
   </Panes>
   <ProtectObjects>False</ProtectObjects>
   <ProtectScenarios>False</ProtectScenarios>
  </WorksheetOptions>
 </Worksheet>
 <Worksheet ss:Name="Invariants">
  <Table ss:ExpandedColumnCount="6" ss:ExpandedRowCount="5" x:FullColumns="1"
   x:FullRows="1" ss:StyleID="s66" ss:DefaultRowHeight="15">
   <Column ss:StyleID="s66" ss:AutoFitWidth="0" ss:Width="26.25"/>
   <Column ss:StyleID="s66" ss:Width="128.25"/>
   <Column ss:StyleID="s66" ss:Width="42"/>
   <Column ss:StyleID="s66" ss:AutoFitWidth="0" ss:Width="425.25"/>
   <Column ss:StyleID="s66" ss:Width="284.25"/>
   <Column ss:StyleID="s66" ss:Width="309"/>
   <Row ss:AutoFitHeight="0">
    <Cell ss:StyleID="s64"><Data ss:Type="String">Id</Data></Cell>
    <Cell ss:StyleID="s64"><Data ss:Type="String">Name</Data></Cell>
    <Cell ss:StyleID="s64"><Data ss:Type="String">Context</Data></Cell>
    <Cell ss:StyleID="s64"><Data ss:Type="String">English</Data></Cell>
    <Cell ss:StyleID="s64"><Data ss:Type="String">OCL</Data></Cell>
    <Cell ss:StyleID="s64"><Data ss:Type="String">XPath</Data></Cell>
   </Row>
   <Row ss:AutoFitHeight="0">
    <Cell><Data ss:Type="Number">2</Data></Cell>
    <Cell><Data ss:Type="String">Low &lt; high</Data></Cell>
    <Cell><Data ss:Type="String">Range</Data></Cell>
    <Cell><Data ss:Type="String">If present, low SHALL have a lower value than high</Data></Cell>
    <Cell ss:Index="6"><Data ss:Type="String">not(exists(f:low/f:value/@value)) or not(exists(f:high/f:value/@value)) or (number(f:low/f:value/@value) &lt;= number(f:high/f:value/@value))</Data></Cell>
   </Row>
   <Row ss:AutoFitHeight="0">
    <Cell><Data ss:Type="Number">3</Data></Cell>
    <Cell><Data ss:Type="String">No Range flag on Quantity</Data></Cell>
    <Cell><Data ss:Type="String">Range</Data></Cell>
    <Cell ss:StyleID="Default"><Data ss:Type="String">Quantity values cannot have a comparator when used in a Range</Data></Cell>
    <Cell><Data ss:Type="String">lowcomparator.oclIsUndefined and high.comparator.oclIsUndefined)</Data></Cell>
    <Cell ss:StyleID="s68"><Data ss:Type="String">not(exists(f:low/f:comparator) or exists(f:high/f:comparator))</Data></Cell>
   </Row>
   <Row ss:AutoFitHeight="0">
    <Cell ss:Index="4" ss:StyleID="Default"/>
    <Cell ss:Index="6" ss:StyleID="Default"/>
   </Row>
   <Row ss:AutoFitHeight="0">
    <Cell ss:Index="4" ss:StyleID="Default"/>
    <Cell ss:Index="6" ss:StyleID="Default"/>
   </Row>
  </Table>
  <WorksheetOptions xmlns="urn:schemas-microsoft-com:office:excel">
   <PageSetup>
    <Header x:Margin="0.3"/>
    <Footer x:Margin="0.3"/>
    <PageMargins x:Bottom="0.75" x:Left="0.7" x:Right="0.7" x:Top="0.75"/>
   </PageSetup>
   <Unsynced/>
   <Print>
    <ValidPrinterInfo/>
    <PaperSizeIndex>9</PaperSizeIndex>
    <HorizontalResolution>600</HorizontalResolution>
    <VerticalResolution>600</VerticalResolution>
   </Print>
   <ProtectObjects>False</ProtectObjects>
   <ProtectScenarios>False</ProtectScenarios>
  </WorksheetOptions>
 </Worksheet>
</Workbook>
