<?xml version="1.0"?>
<?mso-application progid="Excel.Sheet"?>
<Workbook xmlns="urn:schemas-microsoft-com:office:spreadsheet"
 xmlns:o="urn:schemas-microsoft-com:office:office"
 xmlns:x="urn:schemas-microsoft-com:office:excel"
 xmlns:ss="urn:schemas-microsoft-com:office:spreadsheet"
 xmlns:html="http://www.w3.org/TR/REC-html40">
 <DocumentProperties xmlns="urn:schemas-microsoft-com:office:office">
  <Author>Grahame</Author>
  <LastAuthor>Grahame</LastAuthor>
  <Created>2012-03-19T11:20:41Z</Created>
  <LastSaved>2012-03-21T11:35:37Z</LastSaved>
  <Version>14.00</Version>
 </DocumentProperties>
 <OfficeDocumentSettings xmlns="urn:schemas-microsoft-com:office:office">
  <AllowPNG/>
 </OfficeDocumentSettings>
 <ExcelWorkbook xmlns="urn:schemas-microsoft-com:office:excel">
  <WindowHeight>6225</WindowHeight>
  <WindowWidth>27555</WindowWidth>
  <WindowTopX>4860</WindowTopX>
  <WindowTopY>5895</WindowTopY>
  <ProtectStructure>False</ProtectStructure>
  <ProtectWindows>False</ProtectWindows>
 </ExcelWorkbook>
 <Styles>
  <Style ss:ID="Default" ss:Name="Normal">
   <Alignment ss:Vertical="Bottom"/>
   <Borders/>
   <Font ss:FontName="Calibri" x:Family="Swiss" ss:Size="11" ss:Color="#000000"/>
   <Interior/>
   <NumberFormat/>
   <Protection/>
  </Style>
  <Style ss:ID="s62">
   <Alignment ss:Horizontal="Left" ss:Vertical="Top" ss:ShrinkToFit="1"
    ss:WrapText="1"/>
  </Style>
  <Style ss:ID="s63">
   <Alignment ss:Horizontal="Left" ss:Vertical="Top" ss:ShrinkToFit="1"
    ss:WrapText="1"/>
   <Font ss:FontName="Calibri" x:Family="Swiss" ss:Size="11" ss:Color="#000000"
    ss:Bold="1"/>
  </Style>
  <Style ss:ID="s64">
   <Alignment ss:Horizontal="Left" ss:Vertical="Top" ss:ShrinkToFit="1"
    ss:WrapText="1"/>
   <Borders>
    <Border ss:Position="Bottom" ss:LineStyle="Continuous" ss:Weight="1"/>
   </Borders>
   <Font ss:FontName="Calibri" x:Family="Swiss" ss:Size="11" ss:Color="#000000"
    ss:Bold="1"/>
   <Interior ss:Color="#EEECE1" ss:Pattern="Solid"/>
  </Style>
  <Style ss:ID="s65">
   <Alignment ss:Horizontal="Left" ss:Vertical="Top" ss:ShrinkToFit="1"
    ss:WrapText="1"/>
   <Interior ss:Color="#D9D9D9" ss:Pattern="Solid"/>
  </Style>
  <Style ss:ID="s66">
   <Alignment ss:Vertical="Top" ss:ShrinkToFit="1" ss:WrapText="1"/>
  </Style>
 </Styles>
 <Worksheet ss:Name="Data Elements">
  <Table ss:ExpandedColumnCount="14" ss:ExpandedRowCount="4" x:FullColumns="1"
   x:FullRows="1" ss:StyleID="s62" ss:DefaultRowHeight="15">
   <Column ss:StyleID="s63" ss:AutoFitWidth="0" ss:Width="100.5"/>
   <Column ss:StyleID="s62" ss:AutoFitWidth="0" ss:Width="29.25"/>
   <Column ss:StyleID="s62" ss:AutoFitWidth="0" ss:Width="27.75"/>
   <Column ss:StyleID="s62" ss:AutoFitWidth="0" ss:Width="33.75"/>
   <Column ss:StyleID="s62" ss:AutoFitWidth="0" ss:Width="53.25"/>
   <Column ss:StyleID="s62" ss:AutoFitWidth="0" ss:Width="42"/>
   <Column ss:StyleID="s62" ss:AutoFitWidth="0" ss:Width="136.5"/>
   <Column ss:StyleID="s62" ss:AutoFitWidth="0" ss:Width="213.75"/>
   <Column ss:StyleID="s62" ss:AutoFitWidth="0" ss:Width="161.25" ss:Span="1"/>
   <Column ss:Index="11" ss:StyleID="s62" ss:AutoFitWidth="0" ss:Width="135"
    ss:Span="1"/>
   <Row ss:AutoFitHeight="0" ss:Height="30" ss:StyleID="s64">
    <Cell><Data ss:Type="String">Element</Data></Cell>
    <Cell><Data ss:Type="String">Card.</Data></Cell>
    <Cell><Data ss:Type="String">Inv.</Data></Cell>
    <Cell><Data ss:Type="String">Must Understand</Data></Cell>
    <Cell><Data ss:Type="String">Type</Data></Cell>
    <Cell><Data ss:Type="String">Concept Domain</Data></Cell>
    <Cell><Data ss:Type="String">Short Name</Data></Cell>
    <Cell><Data ss:Type="String">Definition</Data></Cell>
    <Cell><Data ss:Type="String">Requirements</Data></Cell>
    <Cell><Data ss:Type="String">Comments</Data></Cell>
    <Cell><Data ss:Type="String">RIM Mapping</Data></Cell>
    <Cell><Data ss:Type="String">v2 Mapping</Data></Cell>
    <Cell><Data ss:Type="String">To Do</Data></Cell>
    <Cell><Data ss:Type="String">Committee Notes</Data></Cell>
   </Row>
   <Row ss:AutoFitHeight="0" ss:Height="45">
    <Cell><Data ss:Type="String">Ratio</Data></Cell>
    <Cell ss:StyleID="s65"/>
    <Cell ss:StyleID="s65"/>
    <Cell ss:StyleID="s65"/>
    <Cell><Data ss:Type="String">Type</Data></Cell>
    <Cell ss:Index="7"><Data ss:Type="String">A ratio of two Quantity values - a numerator and a denominator</Data></Cell>
    <Cell><Data ss:Type="String">A relationship of two Quantity values - expressed as a numerator and a denominator. </Data></Cell>
    <Cell><Data ss:Type="String">Need to able to capture ratios for some measurements (titers) and some rates (costs)</Data></Cell>
    <Cell ss:Index="11"><Data ss:Type="String">RTO</Data></Cell>
    <Cell><Data ss:Type="String">N/A</Data></Cell>
   </Row>
   <Row ss:AutoFitHeight="0" ss:Height="75">
    <Cell><Data ss:Type="String">Ratio.numerator</Data></Cell>
    <Cell><Data ss:Type="String">0..1</Data></Cell>
    <Cell ss:Index="5"><Data ss:Type="String">Quantity</Data></Cell>
    <Cell ss:Index="7"><Data ss:Type="String">Numerator value</Data></Cell>
    <Cell><Data ss:Type="String">The value of the numerator</Data></Cell>
    <Cell ss:Index="11"><Data ss:Type="String">.numerator</Data></Cell>
   </Row>
   <Row ss:AutoFitHeight="0" ss:Height="75">
    <Cell><Data ss:Type="String">Ratio.denominator</Data></Cell>
    <Cell><Data ss:Type="String">0..1</Data></Cell>
    <Cell ss:Index="5"><Data ss:Type="String">Quantity</Data></Cell>
    <Cell ss:Index="7"><Data ss:Type="String">Denominator value</Data></Cell>
    <Cell><Data ss:Type="String">The value of the denominator</Data></Cell>
    <Cell ss:Index="11"><Data ss:Type="String">.denominator</Data></Cell>
   </Row>
  </Table>
  <WorksheetOptions xmlns="urn:schemas-microsoft-com:office:excel">
   <PageSetup>
    <Header x:Margin="0.3"/>
    <Footer x:Margin="0.3"/>
    <PageMargins x:Bottom="0.75" x:Left="0.7" x:Right="0.7" x:Top="0.75"/>
   </PageSetup>
   <Unsynced/>
   <Selected/>
   <Panes>
    <Pane>
     <Number>3</Number>
     <ActiveRow>2</ActiveRow>
     <ActiveCol>7</ActiveCol>
    </Pane>
   </Panes>
   <ProtectObjects>False</ProtectObjects>
   <ProtectScenarios>False</ProtectScenarios>
  </WorksheetOptions>
 </Worksheet>
 <Worksheet ss:Name="Invariants">
  <Table ss:ExpandedColumnCount="6" ss:ExpandedRowCount="2" x:FullColumns="1"
   x:FullRows="1" ss:StyleID="s66" ss:DefaultRowHeight="15">
   <Column ss:StyleID="s66" ss:AutoFitWidth="0" ss:Width="26.25"/>
   <Column ss:StyleID="s66" ss:Width="166.5"/>
   <Column ss:StyleID="s66" ss:Width="42"/>
   <Column ss:StyleID="s66" ss:Width="417"/>
   <Column ss:StyleID="s66" ss:Width="302.25"/>
   <Column ss:StyleID="s66" ss:AutoFitWidth="0" ss:Width="243"/>
   <Row ss:AutoFitHeight="0" ss:StyleID="s64">
    <Cell><Data ss:Type="String">Id</Data></Cell>
    <Cell><Data ss:Type="String">Name</Data></Cell>
    <Cell><Data ss:Type="String">Context</Data></Cell>
    <Cell><Data ss:Type="String">English</Data></Cell>
    <Cell><Data ss:Type="String">OCL</Data></Cell>
    <Cell><Data ss:Type="String">XPath</Data></Cell>
   </Row>
   <Row ss:AutoFitHeight="0">
    <Cell><Data ss:Type="Number">1</Data></Cell>
    <Cell><Data ss:Type="String">both numerator and denominator</Data></Cell>
    <Cell><Data ss:Type="String">Ratio</Data></Cell>
    <Cell><Data ss:Type="String">numerator and denominator SHALL both be present, or both be absent</Data></Cell>
    <Cell ss:Index="6"><Data ss:Type="String">count(f:numerator) = count(f:denominator)</Data></Cell>
   </Row>
  </Table>
  <WorksheetOptions xmlns="urn:schemas-microsoft-com:office:excel">
   <PageSetup>
    <Header x:Margin="0.3"/>
    <Footer x:Margin="0.3"/>
    <PageMargins x:Bottom="0.75" x:Left="0.7" x:Right="0.7" x:Top="0.75"/>
   </PageSetup>
   <Unsynced/>
   <Panes>
    <Pane>
     <Number>3</Number>
     <ActiveRow>3</ActiveRow>
     <ActiveCol>3</ActiveCol>
    </Pane>
   </Panes>
   <ProtectObjects>False</ProtectObjects>
   <ProtectScenarios>False</ProtectScenarios>
  </WorksheetOptions>
 </Worksheet>
</Workbook>
