<?xml version="1.0"?>
<?mso-application progid="Excel.Sheet"?>
<Workbook xmlns="urn:schemas-microsoft-com:office:spreadsheet"
 xmlns:o="urn:schemas-microsoft-com:office:office"
 xmlns:x="urn:schemas-microsoft-com:office:excel"
 xmlns:ss="urn:schemas-microsoft-com:office:spreadsheet"
 xmlns:html="http://www.w3.org/TR/REC-html40">
 <DocumentProperties xmlns="urn:schemas-microsoft-com:office:office">
  <Author>Grahame</Author>
  <LastAuthor>Grahame</LastAuthor>
  <Created>2012-03-19T11:23:41Z</Created>
  <LastSaved>2013-01-20T19:49:14Z</LastSaved>
  <Version>14.00</Version>
 </DocumentProperties>
 <OfficeDocumentSettings xmlns="urn:schemas-microsoft-com:office:office">
  <AllowPNG/>
 </OfficeDocumentSettings>
 <ExcelWorkbook xmlns="urn:schemas-microsoft-com:office:excel">
  <WindowHeight>9165</WindowHeight>
  <WindowWidth>15570</WindowWidth>
  <WindowTopX>2880</WindowTopX>
  <WindowTopY>3060</WindowTopY>
  <ActiveSheet>1</ActiveSheet>
  <ProtectStructure>False</ProtectStructure>
  <ProtectWindows>False</ProtectWindows>
 </ExcelWorkbook>
 <Styles>
  <Style ss:ID="Default" ss:Name="Normal">
   <Alignment ss:Vertical="Bottom"/>
   <Borders/>
   <Font ss:FontName="Calibri" x:Family="Swiss" ss:Size="11" ss:Color="#000000"/>
   <Interior/>
   <NumberFormat/>
   <Protection/>
  </Style>
  <Style ss:ID="s62">
   <Alignment ss:Horizontal="Left" ss:Vertical="Top" ss:ShrinkToFit="1"
    ss:WrapText="1"/>
  </Style>
  <Style ss:ID="s63">
   <Alignment ss:Horizontal="Left" ss:Vertical="Top" ss:ShrinkToFit="1"
    ss:WrapText="1"/>
   <Font ss:FontName="Calibri" x:Family="Swiss" ss:Size="11" ss:Color="#000000"
    ss:Bold="1"/>
  </Style>
  <Style ss:ID="s64">
   <Alignment ss:Horizontal="Left" ss:Vertical="Top" ss:ShrinkToFit="1"
    ss:WrapText="1"/>
   <Borders>
    <Border ss:Position="Bottom" ss:LineStyle="Continuous" ss:Weight="1"/>
   </Borders>
   <Font ss:FontName="Calibri" x:Family="Swiss" ss:Size="11" ss:Color="#000000"
    ss:Bold="1"/>
   <Interior ss:Color="#EEECE1" ss:Pattern="Solid"/>
  </Style>
  <Style ss:ID="s65">
   <Alignment ss:Horizontal="Left" ss:Vertical="Top" ss:ShrinkToFit="1"
    ss:WrapText="1"/>
   <Interior ss:Color="#D9D9D9" ss:Pattern="Solid"/>
  </Style>
  <Style ss:ID="s66">
   <Alignment ss:Vertical="Top" ss:WrapText="1"/>
  </Style>
  <Style ss:ID="s67">
   <Alignment ss:Vertical="Top" ss:ShrinkToFit="1" ss:WrapText="1"/>
  </Style>
 </Styles>
 <Worksheet ss:Name="Data Elements">
  <Table ss:ExpandedColumnCount="14" ss:ExpandedRowCount="5" x:FullColumns="1"
   x:FullRows="1" ss:StyleID="s62" ss:DefaultRowHeight="15">
   <Column ss:StyleID="s63" ss:AutoFitWidth="0" ss:Width="130.5"/>
   <Column ss:StyleID="s62" ss:AutoFitWidth="0" ss:Width="39.75"/>
   <Column ss:StyleID="s62" ss:AutoFitWidth="0" ss:Width="28.5"/>
   <Column ss:StyleID="s62" ss:AutoFitWidth="0" ss:Width="33"/>
   <Column ss:StyleID="s62" ss:AutoFitWidth="0" ss:Width="56.25"/>
   <Column ss:StyleID="s62" ss:AutoFitWidth="0" ss:Width="82.5"/>
   <Column ss:StyleID="s62" ss:AutoFitWidth="0" ss:Width="213.75" ss:Span="1"/>
   <Column ss:Index="9" ss:StyleID="s62" ss:AutoFitWidth="0" ss:Width="161.25"
    ss:Span="1"/>
   <Column ss:Index="11" ss:StyleID="s62" ss:AutoFitWidth="0" ss:Width="135"
    ss:Span="1"/>
   <Row ss:AutoFitHeight="0" ss:Height="60" ss:StyleID="s64">
    <Cell><Data ss:Type="String">Element</Data></Cell>
    <Cell><Data ss:Type="String">Card.</Data></Cell>
    <Cell><Data ss:Type="String">Inv.</Data></Cell>
    <Cell><Data ss:Type="String">Must Understand</Data></Cell>
    <Cell><Data ss:Type="String">Type</Data></Cell>
    <Cell><Data ss:Type="String">Binding</Data></Cell>
    <Cell><Data ss:Type="String">Short Name</Data></Cell>
    <Cell><Data ss:Type="String">Definition</Data></Cell>
    <Cell><Data ss:Type="String">Requirements</Data></Cell>
    <Cell><Data ss:Type="String">Comments</Data></Cell>
    <Cell><Data ss:Type="String">RIM Mapping</Data></Cell>
    <Cell><Data ss:Type="String">v2 Mapping</Data></Cell>
    <Cell><Data ss:Type="String">To Do</Data></Cell>
    <Cell><Data ss:Type="String">Committee Notes</Data></Cell>
   </Row>
   <Row ss:AutoFitHeight="0" ss:Height="45">
    <Cell><Data ss:Type="String">ResourceReference</Data></Cell>
    <Cell ss:StyleID="s65"/>
    <Cell ss:StyleID="s65"/>
    <Cell ss:StyleID="s65"/>
    <Cell><Data ss:Type="String">Type</Data></Cell>
    <Cell ss:Index="7"><Data ss:Type="String">A reference from one resource to another</Data></Cell>
    <Cell><Data ss:Type="String">A reference from one resource to another</Data></Cell>
    <Cell ss:Index="11"><Data ss:Type="String">The target of a resource reference is a RIM entry point (Act, Role, or Entity)</Data></Cell>
   </Row>
   <Row ss:AutoFitHeight="0" ss:Height="75">
    <Cell><Data ss:Type="String">!ResourceReference.type</Data></Cell>
    <Cell><Data ss:Type="String">0..1</Data></Cell>
    <Cell><Data ss:Type="Number">1</Data></Cell>
    <Cell ss:Index="5"><Data ss:Type="String">code</Data></Cell>
    <Cell><Data ss:Type="String">ResourceType</Data></Cell>
    <Cell><Data ss:Type="String">Resource Type</Data></Cell>
    <Cell><Data ss:Type="String">The name of one of the resource types defined in this specification to identify the type of the resource being referenced</Data></Cell>
    <Cell ss:Index="10" ss:StyleID="s66"><Data ss:Type="String">Whether or not the type of the resource reference is fixed for a particular element, the reference includes the resource type</Data></Cell>
    <Cell><Data ss:Type="String">N/A</Data></Cell>
   </Row>
   <Row ss:AutoFitHeight="0" ss:Height="270">
    <Cell><Data ss:Type="String">ResourceReference.reference</Data></Cell>
    <Cell><Data ss:Type="String">0..1</Data></Cell>
    <Cell><Data ss:Type="Number">1</Data></Cell>
    <Cell ss:Index="5"><Data ss:Type="String">string</Data></Cell>
    <Cell ss:Index="7"><Data ss:Type="String">Relative, internal or absolute URL reference</Data></Cell>
    <Cell><Data ss:Type="String">A reference to a location at which the other resource is found. The reference may a relative reference, in which case it is relative to the service base URL, or an absolute URL that resolves to the location where the resource is found. The reference may be version specific or not. If the reference is not to a FHIR RESTful server, then it should be assumed to be version specific. Internal fragment references (start with '#') refer to contained resources</Data></Cell>
    <Cell ss:Index="10" ss:StyleID="s66"><Data ss:Type="String">Using absolute URLs provides a stable scalable approach suitable for a cloud/web context, while using relative/logical references provides a flexible approach suitable for use when trading across closed eco-system boundaries. &#10;&#10;Absolute URLs do not need to point to a FHIR RESTful server, though this is the preferred approach. If the url conforms to the structure &quot;/[type]/@[id]&quot; then it should be assumed that the reference is to a FHIR RESTful server</Data></Cell>
    <Cell><Data ss:Type="String">N/A</Data></Cell>
   </Row>
   <Row ss:AutoFitHeight="0" ss:Height="90">
    <Cell><Data ss:Type="String">ResourceReference.display</Data></Cell>
    <Cell><Data ss:Type="String">0..1</Data></Cell>
    <Cell ss:Index="5"><Data ss:Type="String">string</Data></Cell>
    <Cell ss:Index="7"><Data ss:Type="String">Text alternative for the resource</Data></Cell>
    <Cell ss:StyleID="s66"><Data ss:Type="String">Plain text narrative that identifies the resource in addition to the resource reference </Data></Cell>
    <Cell ss:Index="10"><Data ss:Type="String">This is generally not the same as the Resource.text of the referenced resource.  The purpose is to identify what's being referenced, not to fully describe it.</Data></Cell>
    <Cell><Data ss:Type="String">N/A</Data></Cell>
   </Row>
  </Table>
  <WorksheetOptions xmlns="urn:schemas-microsoft-com:office:excel">
   <PageSetup>
    <Header x:Margin="0.3"/>
    <Footer x:Margin="0.3"/>
    <PageMargins x:Bottom="0.75" x:Left="0.7" x:Right="0.7" x:Top="0.75"/>
   </PageSetup>
   <Unsynced/>
   <Print>
    <ValidPrinterInfo/>
    <PaperSizeIndex>9</PaperSizeIndex>
    <HorizontalResolution>600</HorizontalResolution>
    <VerticalResolution>0</VerticalResolution>
   </Print>
   <Panes>
    <Pane>
     <Number>3</Number>
     <ActiveRow>2</ActiveRow>
     <ActiveCol>1</ActiveCol>
    </Pane>
   </Panes>
   <ProtectObjects>False</ProtectObjects>
   <ProtectScenarios>False</ProtectScenarios>
  </WorksheetOptions>
 </Worksheet>
 <Worksheet ss:Name="Invariants">
  <Table ss:ExpandedColumnCount="6" ss:ExpandedRowCount="2" x:FullColumns="1"
   x:FullRows="1" ss:StyleID="s67" ss:DefaultRowHeight="15">
   <Column ss:StyleID="s67" ss:AutoFitWidth="0" ss:Width="24.75"/>
   <Column ss:StyleID="s67" ss:AutoFitWidth="0" ss:Width="52.5"/>
   <Column ss:StyleID="s67" ss:Width="97.5"/>
   <Column ss:StyleID="s67" ss:AutoFitWidth="0" ss:Width="249"/>
   <Column ss:Index="6" ss:StyleID="s67" ss:AutoFitWidth="0" ss:Width="488.25"/>
   <Row ss:AutoFitHeight="0" ss:StyleID="s64">
    <Cell><Data ss:Type="String">Id</Data></Cell>
    <Cell><Data ss:Type="String">Name</Data></Cell>
    <Cell><Data ss:Type="String">Context</Data></Cell>
    <Cell><Data ss:Type="String">English</Data></Cell>
    <Cell><Data ss:Type="String">OCL</Data></Cell>
    <Cell><Data ss:Type="String">XPath</Data></Cell>
   </Row>
   <Row ss:AutoFitHeight="0" ss:Height="60">
    <Cell><Data ss:Type="Number">1</Data></Cell>
    <Cell><Data ss:Type="String">Inline</Data></Cell>
    <Cell><Data ss:Type="String">ResourceReference</Data></Cell>
    <Cell><Data ss:Type="String">SHALL have a local reference if the resource is provided inline</Data></Cell>
    <Cell ss:Index="6"><Data ss:Type="String">not(starts-with(f:reference/@value, '#')) or exists(ancestor::a:content/f:*/f:contained/f:*[@id=substring-after(current()/f:reference/@value, '#')]|/f:*/f:contained/f:*[@id=substring-after(current()/f:reference/@value, '#')])</Data></Cell>
   </Row>
  </Table>
  <WorksheetOptions xmlns="urn:schemas-microsoft-com:office:excel">
   <PageSetup>
    <Header x:Margin="0.3"/>
    <Footer x:Margin="0.3"/>
    <PageMargins x:Bottom="0.75" x:Left="0.7" x:Right="0.7" x:Top="0.75"/>
   </PageSetup>
   <Unsynced/>
   <Selected/>
   <Panes>
    <Pane>
     <Number>3</Number>
     <ActiveRow>5</ActiveRow>
     <ActiveCol>5</ActiveCol>
    </Pane>
   </Panes>
   <ProtectObjects>False</ProtectObjects>
   <ProtectScenarios>False</ProtectScenarios>
  </WorksheetOptions>
 </Worksheet>
</Workbook>
