<?xml version="1.0"?>
<?mso-application progid="Excel.Sheet"?>
<Workbook xmlns="urn:schemas-microsoft-com:office:spreadsheet"
 xmlns:o="urn:schemas-microsoft-com:office:office"
 xmlns:x="urn:schemas-microsoft-com:office:excel"
 xmlns:ss="urn:schemas-microsoft-com:office:spreadsheet"
 xmlns:html="http://www.w3.org/TR/REC-html40">
 <DocumentProperties xmlns="urn:schemas-microsoft-com:office:office">
  <Author>Grahame</Author>
  <LastAuthor>Grahame</LastAuthor>
  <Created>2012-03-19T11:20:53Z</Created>
  <LastSaved>2013-05-12T13:07:12Z</LastSaved>
  <Version>14.00</Version>
 </DocumentProperties>
 <OfficeDocumentSettings xmlns="urn:schemas-microsoft-com:office:office">
  <AllowPNG/>
 </OfficeDocumentSettings>
 <ExcelWorkbook xmlns="urn:schemas-microsoft-com:office:excel">
  <WindowHeight>7140</WindowHeight>
  <WindowWidth>23655</WindowWidth>
  <WindowTopX>1740</WindowTopX>
  <WindowTopY>5775</WindowTopY>
  <ProtectStructure>False</ProtectStructure>
  <ProtectWindows>False</ProtectWindows>
 </ExcelWorkbook>
 <Styles>
  <Style ss:ID="Default" ss:Name="Normal">
   <Alignment ss:Vertical="Bottom"/>
   <Borders/>
   <Font ss:FontName="Calibri" x:Family="Swiss" ss:Size="11" ss:Color="#000000"/>
   <Interior/>
   <NumberFormat/>
   <Protection/>
  </Style>
  <Style ss:ID="s62">
   <Alignment ss:Horizontal="Left" ss:Vertical="Top" ss:ShrinkToFit="1"
    ss:WrapText="1"/>
  </Style>
  <Style ss:ID="s63">
   <Alignment ss:Horizontal="Left" ss:Vertical="Top" ss:ShrinkToFit="1"
    ss:WrapText="1"/>
   <Font ss:FontName="Calibri" x:Family="Swiss" ss:Size="11" ss:Color="#000000"
    ss:Bold="1"/>
  </Style>
  <Style ss:ID="s64">
   <Alignment ss:Horizontal="Left" ss:Vertical="Top" ss:ShrinkToFit="1"
    ss:WrapText="1"/>
   <Borders>
    <Border ss:Position="Bottom" ss:LineStyle="Continuous" ss:Weight="1"/>
   </Borders>
   <Font ss:FontName="Calibri" x:Family="Swiss" ss:Size="11" ss:Color="#000000"
    ss:Bold="1"/>
   <Interior ss:Color="#EEECE1" ss:Pattern="Solid"/>
  </Style>
  <Style ss:ID="s65">
   <Alignment ss:Horizontal="Left" ss:Vertical="Top" ss:ShrinkToFit="1"
    ss:WrapText="1"/>
   <Interior ss:Color="#D9D9D9" ss:Pattern="Solid"/>
  </Style>
  <Style ss:ID="s66">
   <Alignment ss:Vertical="Top" ss:ShrinkToFit="1" ss:WrapText="1"/>
  </Style>
 </Styles>
 <Worksheet ss:Name="Data Elements">
  <Table ss:ExpandedColumnCount="15" ss:ExpandedRowCount="9" x:FullColumns="1"
   x:FullRows="1" ss:StyleID="s62" ss:DefaultRowHeight="15">
   <Column ss:StyleID="s63" ss:AutoFitWidth="0" ss:Width="150.75"/>
   <Column ss:StyleID="s62" ss:AutoFitWidth="0" ss:Width="30.75"/>
   <Column ss:StyleID="s62" ss:AutoFitWidth="0" ss:Width="24"/>
   <Column ss:StyleID="s62" ss:AutoFitWidth="0" ss:Width="31.5"/>
   <Column ss:StyleID="s62" ss:AutoFitWidth="0" ss:Width="56.25" ss:Span="1"/>
   <Column ss:Index="7" ss:StyleID="s62" ss:AutoFitWidth="0" ss:Width="82.5"/>
   <Column ss:StyleID="s62" ss:AutoFitWidth="0" ss:Width="213.75" ss:Span="1"/>
   <Column ss:Index="10" ss:StyleID="s62" ss:AutoFitWidth="0" ss:Width="161.25"/>
   <Column ss:StyleID="s62" ss:AutoFitWidth="0" ss:Width="222"/>
   <Column ss:StyleID="s62" ss:AutoFitWidth="0" ss:Width="135" ss:Span="1"/>
   <Row ss:AutoFitHeight="0" ss:Height="45" ss:StyleID="s64">
    <Cell><Data ss:Type="String">Element</Data></Cell>
    <Cell><Data ss:Type="String">Card.</Data></Cell>
    <Cell><Data ss:Type="String">Inv.</Data></Cell>
    <Cell><Data ss:Type="String">Is Modifier</Data></Cell>
    <Cell><Data ss:Type="String">Type</Data></Cell>
    <Cell><Data ss:Type="String">Regex</Data></Cell>
    <Cell><Data ss:Type="String">Binding</Data></Cell>
    <Cell><Data ss:Type="String">Short Name</Data></Cell>
    <Cell><Data ss:Type="String">Definition</Data></Cell>
    <Cell><Data ss:Type="String">Requirements</Data></Cell>
    <Cell><Data ss:Type="String">Comments</Data></Cell>
    <Cell><Data ss:Type="String">RIM Mapping</Data></Cell>
    <Cell><Data ss:Type="String">v2 Mapping</Data></Cell>
    <Cell><Data ss:Type="String">To Do</Data></Cell>
    <Cell><Data ss:Type="String">Committee Notes</Data></Cell>
   </Row>
   <Row ss:AutoFitHeight="0" ss:Height="90">
    <Cell><Data ss:Type="String">SampledData</Data></Cell>
    <Cell ss:StyleID="s65"/>
    <Cell ss:StyleID="s65"/>
    <Cell ss:StyleID="s65"/>
    <Cell><Data ss:Type="String">Type</Data></Cell>
    <Cell ss:Index="8"><Data ss:Type="String">A series of measurements taken by a device</Data></Cell>
    <Cell><Data ss:Type="String">A series of measurements taken by a device, with upper and lower limits. There may be more than one dimension in the data</Data></Cell>
    <Cell><Data ss:Type="String">There is a need for a concise way to handle the data produced by devices that sample a physical state at a high frequency</Data></Cell>
    <Cell><Data ss:Type="String">The data is not interpretable without at least origin, period, and dimensions, but these are optional to allow a separation between the template of measurement and the actual measurement, such as between DeviceCapabilities and DeviceLog</Data></Cell>
    <Cell><Data ss:Type="String">SLIST + GLIST</Data></Cell>
    <Cell><Data ss:Type="String">N/A (but see section 7.14 in v2.7)</Data></Cell>
   </Row>
   <Row ss:AutoFitHeight="0" ss:Height="45">
    <Cell><Data ss:Type="String">SampledData.origin</Data></Cell>
    <Cell><Data ss:Type="String">1..1</Data></Cell>
    <Cell ss:Index="5"><Data ss:Type="String">Quantity</Data></Cell>
    <Cell ss:Index="8"><Data ss:Type="String">Zero value and units</Data></Cell>
    <Cell><Data ss:Type="String">The base quantity that a measured value of zero represents. In addition, this provides the units of the entire measurement series</Data></Cell>
    <Cell ss:Index="12"><Data ss:Type="String">SLIST.origin</Data></Cell>
   </Row>
   <Row ss:AutoFitHeight="0" ss:Height="30">
    <Cell><Data ss:Type="String">SampledData.period</Data></Cell>
    <Cell><Data ss:Type="String">1..1</Data></Cell>
    <Cell ss:Index="5"><Data ss:Type="String">decimal</Data></Cell>
    <Cell ss:Index="8"><Data ss:Type="String">Number of milliseconds between samples</Data></Cell>
    <Cell><Data ss:Type="String">The length of time between sampling times, measured in milliseconds</Data></Cell>
    <Cell ss:Index="11"><Data ss:Type="String">This is usually a whole number</Data></Cell>
    <Cell><Data ss:Type="String">GLIST.increment</Data></Cell>
   </Row>
   <Row ss:AutoFitHeight="0" ss:Height="45">
    <Cell><Data ss:Type="String">SampledData.factor</Data></Cell>
    <Cell><Data ss:Type="String">0..1</Data></Cell>
    <Cell ss:Index="5"><Data ss:Type="String">decimal</Data></Cell>
    <Cell ss:Index="8"><Data ss:Type="String">Multiply data by this before adding to origin</Data></Cell>
    <Cell><Data ss:Type="String">A correction factor that is applied to the sampled data points before they are added to the origin</Data></Cell>
    <Cell ss:Index="12"><Data ss:Type="String">SLIST.factor</Data></Cell>
   </Row>
   <Row ss:AutoFitHeight="0" ss:Height="60">
    <Cell><Data ss:Type="String">SampledData.lowerLimit</Data></Cell>
    <Cell><Data ss:Type="String">0..1</Data></Cell>
    <Cell ss:Index="5"><Data ss:Type="String">decimal</Data></Cell>
    <Cell ss:Index="8"><Data ss:Type="String">Lower limit of detection</Data></Cell>
    <Cell><Data ss:Type="String">The lower limit of detection of the measured points. This is needed if any of the data points have the value &quot;L&quot; (lower than detection limit)</Data></Cell>
    <Cell ss:Index="12"><Data ss:Type="String">N/A (use SLIST.digits.nullFlavor)</Data></Cell>
   </Row>
   <Row ss:AutoFitHeight="0" ss:Height="60">
    <Cell><Data ss:Type="String">SampledData.upperLimit</Data></Cell>
    <Cell><Data ss:Type="String">0..1</Data></Cell>
    <Cell ss:Index="5"><Data ss:Type="String">decimal</Data></Cell>
    <Cell ss:Index="8"><Data ss:Type="String">Upper limit of detection</Data></Cell>
    <Cell><Data ss:Type="String">The upper limit of detection of the measured points. This is needed if any of the data points have the value &quot;U&quot; (higher than detection limit)</Data></Cell>
    <Cell ss:Index="12"><Data ss:Type="String">N/A (use SLIST.digits.nullFlavor)</Data></Cell>
   </Row>
   <Row ss:AutoFitHeight="0" ss:Height="75">
    <Cell><Data ss:Type="String">SampledData.dimensions</Data></Cell>
    <Cell><Data ss:Type="String">1..1</Data></Cell>
    <Cell ss:Index="5"><Data ss:Type="String">integer</Data></Cell>
    <Cell ss:Index="8"><Data ss:Type="String">Number of sample points at each time point</Data></Cell>
    <Cell><Data ss:Type="String">The number of sample points at each time point. If this value is greater than one, then the dimensions will be interlaced - all the sample points for a point in time will be recorded at once</Data></Cell>
    <Cell ss:Index="11"><Data ss:Type="String">If there is more than one dimension, the code for the type of data will define the meaning of the dimensions (typically ECG data)</Data></Cell>
    <Cell><Data ss:Type="String">N/A (fixed to 1)</Data></Cell>
   </Row>
   <Row ss:AutoFitHeight="0" ss:Height="60">
    <Cell><Data ss:Type="String">SampledData.data</Data></Cell>
    <Cell><Data ss:Type="String">1..1</Data></Cell>
    <Cell ss:Index="5"><Data ss:Type="String">string</Data></Cell>
    <Cell><Data ss:Type="String">((-{0,1}\d*\.{0,1}\d+)|[EUL])( ((-{0,1}\d*\.{0,1}\d+)|[EUL]))*</Data></Cell>
    <Cell ss:Index="8"><Data ss:Type="String">Decimal values with spaces, or &quot;E&quot; | &quot;U&quot; | &quot;L&quot;</Data></Cell>
    <Cell><Data ss:Type="String">A series of data points which are decimal values separated by a single space (character u20). The special values &quot;E&quot; (error), &quot;L&quot; (below detection limit) and &quot;U&quot; (above detection limit) can also be used in place of a decimal value</Data></Cell>
    <Cell ss:Index="12"><Data ss:Type="String">SLIST.digits</Data></Cell>
   </Row>
  </Table>
  <WorksheetOptions xmlns="urn:schemas-microsoft-com:office:excel">
   <PageSetup>
    <Header x:Margin="0.3"/>
    <Footer x:Margin="0.3"/>
    <PageMargins x:Bottom="0.75" x:Left="0.7" x:Right="0.7" x:Top="0.75"/>
   </PageSetup>
   <Unsynced/>
   <Selected/>
   <Panes>
    <Pane>
     <Number>3</Number>
     <ActiveRow>9</ActiveRow>
     <ActiveCol>8</ActiveCol>
    </Pane>
   </Panes>
   <ProtectObjects>False</ProtectObjects>
   <ProtectScenarios>False</ProtectScenarios>
  </WorksheetOptions>
 </Worksheet>
 <Worksheet ss:Name="Invariants">
  <Table ss:ExpandedColumnCount="6" ss:ExpandedRowCount="1" x:FullColumns="1"
   x:FullRows="1" ss:StyleID="s66" ss:DefaultRowHeight="15">
   <Column ss:StyleID="s66" ss:AutoFitWidth="0" ss:Width="30.75"/>
   <Column ss:StyleID="s66" ss:Width="97.5"/>
   <Column ss:StyleID="s66" ss:Width="45.75"/>
   <Column ss:StyleID="s66" ss:AutoFitWidth="0" ss:Width="350.25"/>
   <Column ss:StyleID="s66" ss:AutoFitWidth="0" ss:Width="346.5"/>
   <Column ss:StyleID="s66" ss:AutoFitWidth="0" ss:Width="383.25"/>
   <Row ss:AutoFitHeight="0" ss:StyleID="s64">
    <Cell><Data ss:Type="String">Id</Data></Cell>
    <Cell><Data ss:Type="String">Name</Data></Cell>
    <Cell><Data ss:Type="String">Context</Data></Cell>
    <Cell><Data ss:Type="String">English</Data></Cell>
    <Cell><Data ss:Type="String">OCL</Data></Cell>
    <Cell><Data ss:Type="String">XPath</Data></Cell>
   </Row>
  </Table>
  <WorksheetOptions xmlns="urn:schemas-microsoft-com:office:excel">
   <PageSetup>
    <Header x:Margin="0.3"/>
    <Footer x:Margin="0.3"/>
    <PageMargins x:Bottom="0.75" x:Left="0.7" x:Right="0.7" x:Top="0.75"/>
   </PageSetup>
   <Unsynced/>
   <Panes>
    <Pane>
     <Number>3</Number>
     <ActiveRow>1</ActiveRow>
    </Pane>
   </Panes>
   <ProtectObjects>False</ProtectObjects>
   <ProtectScenarios>False</ProtectScenarios>
  </WorksheetOptions>
 </Worksheet>
</Workbook>
